match_id,game,date,tournament,series,team1_id,team1_name,team2_id,team2_name,winner_id,label,n_games
1398978,cs-go,2026-03-22 19:52:40+00:00,Group Stage,Series #19 season 3 2026,128629,megoshort,134251,Rebels Gaming,134251,0,3
1398074,cs-go,2026-03-22 20:37:25+00:00,Playoffs,Europe Cup #2 season 51 2026,137948,TDK,125774,HAVU,137948,1,3
1406912,cs-go,2026-03-22 20:58:37+00:00,Playoffs,Contenders #3 2026,137660,eLITenergy,135474,Fire Flux Esports,135474,0,3
1394918,cs-go,2026-03-22 21:02:55+00:00,Playoffs,Series #10 season 3 2026,128378,Procyon Gaming,135580,Game Hunters,135580,0,3
1404826,cs-go,2026-03-22 21:14:39+00:00,Group A,Closed Qualifier season 1 2026,135913,Diamant Esports,138307,FIGHTERS,135913,1,3
1406906,cs-go,2026-03-22 21:19:12+00:00,Playoffs,Contenders #3 2026,134405,Vexar,135981,Donstu Esports,134405,1,3
1413278,cs-go,2026-03-22 22:00:00+00:00,Playoffs,Astana: South American Open Qualifier #1 2026,137141,Crashers,3225,Keyd,3225,0,3
1413279,cs-go,2026-03-22 22:00:00+00:00,Playoffs,Astana: South American Open Qualifier #1 2026,125863,Isurus,138086,METANOIA WOLVES,125863,1,3
1410078,cs-go,2026-03-22 22:10:37+00:00,Group D,March 2026,129800,MIBR Academy,131848,largadosypelados,131848,0,3
1394946,cs-go,2026-03-22 22:12:12+00:00,Group B,Rotterdam Spring 2026,124523,Spirit,126709,9z,124523,1,3
1397676,cs-go,2026-03-22 23:20:37+00:00,Playoffs,South America Cup #2 season 51 2026,137966,Guara Esports,133906,Atrix Esports,137966,1,3
1397679,cs-go,2026-03-23 00:34:15+00:00,Playoffs,South America Cup #2 season 51 2026,137468,Vexa,135580,Game Hunters,135580,0,3
1394919,cs-go,2026-03-23 00:44:38+00:00,Playoffs,Series #10 season 3 2026,136029,Fake do Biru,137143,R2 Esports Club,136029,1,3
1397677,cs-go,2026-03-23 01:51:13+00:00,Playoffs,South America Cup #2 season 51 2026,130605,UNO MILLE,128378,Procyon Gaming,130605,1,3
1397977,cs-go,2026-03-23 04:17:45+00:00,Playoffs,North America Cup #2 season 51 2026,134773,F5 Esports,128002,OverKnight,134773,1,3
1397976,cs-go,2026-03-23 04:33:49+00:00,Playoffs,North America Cup #2 season 51 2026,132891,Zomblers,134333,Wanted Goons,134333,0,3
1397979,cs-go,2026-03-23 05:19:51+00:00,Playoffs,North America Cup #2 season 51 2026,137576,Sakura Esports,137350,Reign Above,137350,0,3
1402000,cs-go,2026-03-23 08:43:05+00:00,Group A,Open #3 2026,3318,3DMAX,138098,FOKUS REALITY,3318,1,1
1402001,cs-go,2026-03-23 09:03:01+00:00,Group A,Open #3 2026,137699,FOKUS,138295,GAMEHARMONY,137699,1,1
1402003,cs-go,2026-03-23 09:44:52+00:00,Group A,Open #3 2026,3318,3DMAX,138295,GAMEHARMONY,3318,1,1
1402002,cs-go,2026-03-23 09:55:32+00:00,Group A,Open #3 2026,137699,FOKUS,138098,FOKUS REALITY,137699,1,1
1398979,cs-go,2026-03-23 10:32:15+00:00,Group Stage,Series #19 season 3 2026,137449,OlyBet SB,136900,Ursa,136900,0,3
1404788,cs-go,2026-03-23 10:57:31+00:00,Playoffs,Season 46 2026,126694,BIG Academy,127976,Infinite,127976,0,3
1402004,cs-go,2026-03-23 10:59:23+00:00,Group A,Open #3 2026,3318,3DMAX,137699,FOKUS,137699,0,1
1402005,cs-go,2026-03-23 11:02:16+00:00,Group A,Open #3 2026,138098,FOKUS REALITY,138295,GAMEHARMONY,138295,0,1
1397992,cs-go,2026-03-23 11:38:26+00:00,Playoffs,Oceania Cup #2 season 51 2026,127114,Rooster,135428,SemperFi Esports,135428,0,3
1397998,cs-go,2026-03-23 11:51:05+00:00,Playoffs,Oceania Cup #2 season 51 2026,133634,Vantage,138279,MARKnLARRY,138279,0,3
1389791,cs-go,2026-03-23 11:53:20+00:00,Group Stage,Season 6 2026,137440,ASTRAL,133269,Leo Team,133269,0,3
1411685,cs-go,2026-03-23 12:00:47+00:00,Group A,Closed Qualifier: Series #20 season 3 2026,137703,ex-Zero Tenacity,137881,rottweilers,137703,1,3
1397993,cs-go,2026-03-23 12:46:34+00:00,Playoffs,Oceania Cup #2 season 51 2026,125873,Ground Zero,131110,Mindfreak,125873,1,3
1394934,cs-go,2026-03-23 12:51:53+00:00,Group A,Rotterdam Spring 2026,3216,Natus Vincere,131505,Aurora Gaming,3216,1,3
1402007,cs-go,2026-03-23 13:06:48+00:00,Group B,Open #3 2026,130733,KUUSAMO.gg,129922,EC BANGA,130733,1,1
1402006,cs-go,2026-03-23 13:38:54+00:00,Group B,Open #3 2026,136560,Phantom,137416,TNC,137416,0,1
1398980,cs-go,2026-03-23 13:47:16+00:00,Group Stage,Series #19 season 3 2026,138370,Lavked,137488,QWENTRY,138370,1,3
1398098,cs-go,2026-03-23 13:54:17+00:00,Group A,Spring 2026,129440,Metizport,133063,UNiTY esports,129440,1,3
1402008,cs-go,2026-03-23 14:28:01+00:00,Group B,Open #3 2026,129922,EC BANGA,137416,TNC,137416,0,1
1389792,cs-go,2026-03-23 14:36:52+00:00,Group Stage,Season 6 2026,137932,ex-RUBY,137080,MANA eSports,137932,1,3
1394920,cs-go,2026-03-23 14:54:08+00:00,Playoffs,Series #10 season 3 2026,133326,Bounty Hunters Esports,130605,UNO MILLE,133326,1,3
1402009,cs-go,2026-03-23 14:54:25+00:00,Group B,Open #3 2026,136560,Phantom,130733,KUUSAMO.gg,136560,1,1
1400159,cs-go,2026-03-23 15:14:19+00:00,Playoffs,Asia-Pacific Cup 2 season 51 2026,138283,Haunted House,135214,Alter Ego,135214,0,3
1402010,cs-go,2026-03-23 15:40:23+00:00,Group B,Open #3 2026,136560,Phantom,129922,EC BANGA,136560,1,1
1410075,cs-go,2026-03-23 15:41:34+00:00,Contenders Stage,Season 24 2026,138371,behaczka,137235,VP.Future,138371,1,3
1411902,cs-go,2026-03-23 15:45:44+00:00,Playoffs,Astana: European Open Qualifier #1 2026,137584,Omega,138101,Inner Circle Academy,138101,0,1
1411903,cs-go,2026-03-23 15:51:34+00:00,Playoffs,Astana: European Open Qualifier #1 2026,135673,Nuclear TigeRES,138376,rhadamanthys,135673,1,1
1411900,cs-go,2026-03-23 15:52:55+00:00,Playoffs,Astana: European Open Qualifier #1 2026,138370,Lavked,137708,BET-M 33,138370,1,1
1402011,cs-go,2026-03-23 15:55:34+00:00,Group B,Open #3 2026,137416,TNC,130733,KUUSAMO.gg,137416,1,1
1411898,cs-go,2026-03-23 16:02:47+00:00,Playoffs,Astana: European Open Qualifier #1 2026,138377,WROTBERRY,136577,Team Novaq,138377,1,1
1411899,cs-go,2026-03-23 16:36:26+00:00,Playoffs,Astana: European Open Qualifier #1 2026,137538,B8 Academy,138026,Atreides,138026,0,1
1411897,cs-go,2026-03-23 16:39:42+00:00,Playoffs,Astana: European Open Qualifier #1 2026,127976,Infinite,130570,QUAZAR,130570,0,1
1389793,cs-go,2026-03-23 16:45:06+00:00,Group Stage,Season 6 2026,134251,Rebels Gaming,137488,QWENTRY,137488,0,3
1400157,cs-go,2026-03-23 16:50:31+00:00,Playoffs,Asia-Pacific Cup 2 season 51 2026,138152,BMZ,136330,Just Swing,138152,1,3
1398099,cs-go,2026-03-23 16:54:12+00:00,Group A,Spring 2026,125847,GamerLegion,129440,Metizport,125847,1,3
1394939,cs-go,2026-03-23 17:11:10+00:00,Group A,Rotterdam Spring 2026,130564,Team Falcons,124530,FURIA,130564,1,3
1400160,cs-go,2026-03-23 17:17:56+00:00,Playoffs,Asia-Pacific Cup 2 season 51 2026,134069,The QUBE Esports,137763,Morningstar,134069,1,3
1402013,cs-go,2026-03-23 17:34:49+00:00,Group C,Open #3 2026,137449,OlyBet SB,138296,Matrix,137449,1,1
1413193,cs-go,2026-03-23 17:35:27+00:00,Playoffs,Astana: European Open Qualifier #1 2026,135673,Nuclear TigeRES,138288,Basement Bobs,135673,1,3
1404869,cs-go,2026-03-23 17:36:48+00:00,Group B,Closed Qualifier season 1 2026,126232,m1x,136786,LPH Gaming,126232,1,3
1402012,cs-go,2026-03-23 17:41:58+00:00,Group C,Open #3 2026,137440,ASTRAL,133571,Wave Esports,137440,1,1
1401553,cs-go,2026-03-23 17:49:01+00:00,Group D,Series 6 Play-In 2026,137080,MANA eSports,137324,Imperial Academy,137324,0,3
1394921,cs-go,2026-03-23 18:00:20+00:00,Playoffs,Series #10 season 3 2026,137992,Fluxo W7M,129800,MIBR Academy,137992,1,3
1413192,cs-go,2026-03-23 18:02:15+00:00,Playoffs,Astana: European Open Qualifier #1 2026,138101,Inner Circle Academy,137739,magic,137739,0,3
1411809,cs-go,2026-03-23 18:15:49+00:00,Playoffs,Contenders #3 2026,128935,bankaPEPSI,130794,BakS eSports,128935,1,3
1402015,cs-go,2026-03-23 18:25:39+00:00,Group C,Open #3 2026,137440,ASTRAL,137449,OlyBet SB,137440,1,1
1398981,cs-go,2026-03-23 18:46:24+00:00,Group Stage,Series #19 season 3 2026,137861,STATE,137251, CSDIILIT,137861,1,3
1402014,cs-go,2026-03-23 18:49:55+00:00,Group C,Open #3 2026,138296,Matrix,133571,Wave Esports,138296,1,1
1385728,cs-go,2026-03-23 18:54:14+00:00,Group Stage,Season 5 2026,138304,Team AceZone,138180,FROX,138304,1,3
1398076,cs-go,2026-03-23 19:26:02+00:00,Playoffs,Europe Cup #2 season 51 2026,127365,Sangal,124522,Nemiga,124522,0,3
1372444,cs-go,2026-03-23 19:26:12+00:00,Regular Season,Season 12 2026,138130,Nordic Valor,131389,ENCE Academy,131389,0,3
1398100,cs-go,2026-03-23 19:31:50+00:00,Group A,Spring 2026,133063,UNiTY esports,129440,Metizport,129440,0,3
1413191,cs-go,2026-03-23 19:33:20+00:00,Playoffs,Astana: European Open Qualifier #1 2026,138370,Lavked,138026,Atreides,138370,1,3
1402016,cs-go,2026-03-23 19:38:30+00:00,Group C,Open #3 2026,137440,ASTRAL,138296,Matrix,137440,1,1
1402017,cs-go,2026-03-23 19:44:13+00:00,Group C,Open #3 2026,133571,Wave Esports,137449,OlyBet SB,137449,0,1
1411691,cs-go,2026-03-23 19:51:37+00:00,Group B,Closed Qualifier: Series #20 season 3 2026,138236,Hashiras,134815,RUSTEC,134815,0,3
1398077,cs-go,2026-03-23 19:51:57+00:00,Playoffs,Europe Cup #2 season 51 2026,137948,TDK,127837,los kogutos,137948,1,3
1413190,cs-go,2026-03-23 20:05:05+00:00,Playoffs,Astana: European Open Qualifier #1 2026,138377,WROTBERRY,130570,QUAZAR,138377,1,3
1394943,cs-go,2026-03-23 20:07:20+00:00,Group B,Rotterdam Spring 2026,133719,PARIVISION,3455,Vitality,3455,0,3
1394922,cs-go,2026-03-23 20:20:02+00:00,Playoffs,Series #10 season 3 2026,129384,FURIA fe,125863,Isurus,125863,0,3
1398095,cs-go,2026-03-23 20:24:03+00:00,Playoffs,Europe Cup #2 season 51 2026,126944,1WIN,136900,Ursa,126944,1,3
1411811,cs-go,2026-03-23 20:42:23+00:00,Playoffs,Contenders #3 2026,138027,Benched gods,134405,Vexar,138027,1,3
1413277,cs-go,2026-03-23 20:52:03+00:00,Playoffs,Astana: South American Open Qualifier #1 2026,135580,Game Hunters,138276,ALKA GAMING,135580,1,3
1398982,cs-go,2026-03-23 20:57:25+00:00,Group Stage,Series #19 season 3 2026,133269,Leo Team,136539,ALGO Esports,133269,1,3
1411814,cs-go,2026-03-23 20:57:55+00:00,Playoffs,Contenders #3 2026,137967,ReThink,135474,Fire Flux Esports,135474,0,3
1410077,cs-go,2026-03-23 21:08:16+00:00,Contenders Stage,Season 24 2026,138055,ex-PeeP,137236,3DMAX Academy,138055,1,3
1404868,cs-go,2026-03-23 21:10:13+00:00,Group B,Closed Qualifier season 1 2026,138101,Inner Circle Academy,3266,ESC Gaming,138101,1,3
1413195,cs-go,2026-03-23 21:15:37+00:00,Playoffs,Astana: European Open Qualifier #1 2026,135673,Nuclear TigeRES,137739,magic,137739,0,3
1385729,cs-go,2026-03-23 21:16:05+00:00,Group Stage,Season 5 2026,132551,Reveal,126694,BIG Academy,126694,0,3
1398094,cs-go,2026-03-23 21:18:38+00:00,Playoffs,Europe Cup #2 season 51 2026,137289,Team Nemesis,135298,K27,135298,0,3
1402019,cs-go,2026-03-23 21:30:33+00:00,Group D,Open #3 2026,128394,AaB Esport,138297,Exilium,128394,1,1
1402018,cs-go,2026-03-23 21:32:33+00:00,Group D,Open #3 2026,135273,Wildcard,138181,Esport BERG,135273,1,1
1413194,cs-go,2026-03-23 22:05:50+00:00,Playoffs,Astana: European Open Qualifier #1 2026,138370,Lavked,138377,WROTBERRY,138370,1,3
1402020,cs-go,2026-03-23 22:27:21+00:00,Group D,Open #3 2026,135273,Wildcard,138297,Exilium,135273,1,1
1394948,cs-go,2026-03-23 22:47:25+00:00,Group B,Rotterdam Spring 2026,3272,TheMongolz,124523,Spirit,3272,1,3
1402021,cs-go,2026-03-23 22:55:45+00:00,Group D,Open #3 2026,128394,AaB Esport,138181,Esport BERG,128394,1,1
1397660,cs-go,2026-03-23 23:27:39+00:00,Playoffs,South America Cup #2 season 51 2026,138086,METANOIA WOLVES,137421,DashSkins,137421,0,3
1397681,cs-go,2026-03-23 23:53:06+00:00,Playoffs,South America Cup #2 season 51 2026,133326,Bounty Hunters Esports,135580,Game Hunters,133326,1,3
1402022,cs-go,2026-03-23 23:54:27+00:00,Group D,Open #3 2026,135273,Wildcard,128394,AaB Esport,128394,0,1
1402023,cs-go,2026-03-23 23:56:17+00:00,Group D,Open #3 2026,138297,Exilium,138181,Esport BERG,138181,0,1
1394923,cs-go,2026-03-24 00:08:42+00:00,Playoffs,Series #10 season 3 2026,131538,Yawara Esports,138096,Back to Back ,138096,0,3
1397659,cs-go,2026-03-24 00:15:32+00:00,Playoffs,South America Cup #2 season 51 2026,3225,Keyd,135468,ShindeN,135468,0,3
1397680,cs-go,2026-03-24 00:18:34+00:00,Playoffs,South America Cup #2 season 51 2026,137966,Guara Esports,130605,UNO MILLE,130605,0,3
1412074,cs-go,2026-03-24 00:41:20+00:00,Playoffs,Astana: North American Open Qualifier #1 2026,136064,Chicken Coop Esports,137496,SportsBetExpert,136064,1,3
1413280,cs-go,2026-03-24 00:53:11+00:00,Playoffs,Astana: South American Open Qualifier #1 2026,135743,BESTIA Academy,135505,RED Canids Academy,135505,0,3
1412073,cs-go,2026-03-24 02:19:38+00:00,Playoffs,Astana: North American Open Qualifier #1 2026,132854,ClayMakers Reborn,136002,Fisher College,136002,0,3
1412072,cs-go,2026-03-24 02:33:15+00:00,Playoffs,Astana: North American Open Qualifier #1 2026,138378,CHICANERY,136246,Sleepless_Gaming,138378,1,3
1412071,cs-go,2026-03-24 02:58:50+00:00,Playoffs,Astana: North American Open Qualifier #1 2026,133907,BOSS,137498,Foxtrot Esports,133907,1,3
1397981,cs-go,2026-03-24 03:18:28+00:00,Playoffs,North America Cup #2 season 51 2026,137148,Outfit 49,137350,Reign Above,137148,1,3
1413282,cs-go,2026-03-24 04:15:11+00:00,Playoffs,Astana: South American Open Qualifier #1 2026,135505,RED Canids Academy,125863,Isurus,135505,1,3
1413315,cs-go,2026-03-24 04:23:24+00:00,Playoffs,Astana: North American Open Qualifier #1 2026,138378,CHICANERY,133907,BOSS,133907,0,3
1397980,cs-go,2026-03-24 04:26:08+00:00,Playoffs,North America Cup #2 season 51 2026,134773,F5 Esports,134333,Wanted Goons,134773,1,3
1397718,cs-go,2026-03-24 04:58:12+00:00,Playoffs,North America Cup #2 season 51 2026,137496,SportsBetExpert,132366,LAG Gaming,137496,1,3
1397719,cs-go,2026-03-24 05:11:36+00:00,Playoffs,North America Cup #2 season 51 2026,135230,Team Aether,136064,Chicken Coop Esports,136064,0,3
1411917,cs-go,2026-03-24 05:15:46+00:00,Playoffs,Spring 2026,137763,Morningstar,136330,Just Swing,137763,1,3
1411918,cs-go,2026-03-24 08:19:17+00:00,Playoffs,Spring 2026,130329,Rare Atom,137353,Last Bullet,130329,1,3
1403086,cs-go,2026-03-24 10:33:59+00:00,Playoffs,Open #3 2026,138383,No Surrender,137449,OlyBet SB,137449,0,3
1401544,cs-go,2026-03-24 10:49:14+00:00,Group C,Series 6 Play-In 2026,131985,EXSAD Gaming,134405,Vexar,134405,0,3
1403534,cs-go,2026-03-24 10:54:18+00:00,Group A,Season 1 2026,129160,MOUZ NXT,126699,Nexus,129160,1,1
1403569,cs-go,2026-03-24 11:00:43+00:00,Group B,Season 1 2026,133686,Passion UA,136516,BASEMENT BOYS,136516,0,1
1403533,cs-go,2026-03-24 11:05:14+00:00,Group A,Season 1 2026,3217,fnatic,134320,aimclub,3217,1,1
1403570,cs-go,2026-03-24 11:06:49+00:00,Group B,Season 1 2026,132800,BESTIA,125071,Tricked,132800,1,1
1403087,cs-go,2026-03-24 11:10:22+00:00,Playoffs,Open #3 2026,137440,ASTRAL,136560,Phantom,136560,0,3
1389794,cs-go,2026-03-24 11:47:19+00:00,Group Stage,Season 6 2026,136826,MINLATE,128629,megoshort,136826,1,3
1398000,cs-go,2026-03-24 11:49:40+00:00,Playoffs,Oceania Cup #2 season 51 2026,131110,Mindfreak,138279,MARKnLARRY,131110,1,3
1398983,cs-go,2026-03-24 11:59:05+00:00,Group Stage,Series #19 season 3 2026,132927,Rune Eaters,137251, CSDIILIT,137251,0,3
1398001,cs-go,2026-03-24 12:11:58+00:00,Playoffs,Oceania Cup #2 season 51 2026,127114,Rooster,133333,Arcade Esports,127114,1,3
1403623,cs-go,2026-03-24 12:53:38+00:00,Group C,Season 1 2026,129856,ECSTATIC,133988,HyperSpirit,129856,1,1
1403628,cs-go,2026-03-24 12:57:44+00:00,Group D,Season 1 2026,126408,9INE,138302,INFINITE Talent,126408,1,1
1413399,cs-go,2026-03-24 13:14:57+00:00,Contenders Stage,Season 24 2026,135978,eternal premium,137356,JUMBO TEAM,135978,1,3
1398101,cs-go,2026-03-24 13:15:08+00:00,Group B,Spring 2026,134188,Johnny Speeds,137271,FC Famalicão Esports,134188,1,3
1403629,cs-go,2026-03-24 13:21:29+00:00,Group D,Season 1 2026,136497,Inner Circle Esports,126584,OG,136497,1,1
1389795,cs-go,2026-03-24 13:26:27+00:00,Group Stage,Season 6 2026,132927,Rune Eaters,136900,Ursa,136900,0,3
1398984,cs-go,2026-03-24 13:52:51+00:00,Group Stage,Series #19 season 3 2026,137584,Omega,136539,ALGO Esports,136539,0,3
1401554,cs-go,2026-03-24 14:23:17+00:00,Group D,Series 6 Play-In 2026,137080,MANA eSports,138289,Off Site,138289,0,3
1404795,cs-go,2026-03-24 14:24:32+00:00,Playoffs,Season 46 2026,126694,BIG Academy,137538,B8 Academy,126694,1,3
1403088,cs-go,2026-03-24 14:32:22+00:00,Playoffs,Open #3 2026,137699,FOKUS,135273,Wildcard,137699,1,3
1403625,cs-go,2026-03-24 14:42:15+00:00,Group C,Season 1 2026,129856,ECSTATIC,129413,Eternal Fire,129413,0,1
1403580,cs-go,2026-03-24 14:44:23+00:00,Group B,Season 1 2026,136516,BASEMENT BOYS,132800,BESTIA,132800,0,1
1411692,cs-go,2026-03-24 14:46:05+00:00,Group B,Closed Qualifier: Series #20 season 3 2026,137488,QWENTRY,138236,Hashiras,137488,1,3
1403535,cs-go,2026-03-24 14:59:14+00:00,Group A,Season 1 2026,3217,fnatic,129160,MOUZ NXT,129160,0,1
1403630,cs-go,2026-03-24 15:12:59+00:00,Group D,Season 1 2026,126408,9INE,136497,Inner Circle Esports,136497,0,1
1394927,cs-go,2026-03-24 15:33:12+00:00,Playoffs,Series #10 season 3 2026,133326,Bounty Hunters Esports,125863,Isurus,133326,1,3
1400161,cs-go,2026-03-24 15:35:55+00:00,Playoffs,Asia-Pacific Cup 2 season 51 2026,135214,Alter Ego,136330,Just Swing,135214,1,3
1398102,cs-go,2026-03-24 15:41:17+00:00,Group B,Spring 2026,133435,M80,134188,Johnny Speeds,133435,1,3
1400162,cs-go,2026-03-24 15:53:58+00:00,Playoffs,Asia-Pacific Cup 2 season 51 2026,135162,Boring Players,134069,The QUBE Esports,134069,0,3
1403089,cs-go,2026-03-24 16:25:13+00:00,Playoffs,Open #3 2026,128394,AaB Esport,3318,3DMAX,3318,0,3
1389796,cs-go,2026-03-24 16:38:59+00:00,Group Stage,Season 6 2026,128519,GenOne,136539,ALGO Esports,128519,1,3
1411688,cs-go,2026-03-24 16:39:01+00:00,Group A,Closed Qualifier: Series #20 season 3 2026,127911,MASONIC,137703,ex-Zero Tenacity,137703,0,3
1403091,cs-go,2026-03-24 17:05:34+00:00,Playoffs,Open #3 2026,137449,OlyBet SB,137699,FOKUS,137699,0,3
1403631,cs-go,2026-03-24 17:19:18+00:00,Group D,Season 1 2026,138302,INFINITE Talent,126584,OG,126584,0,3
1372445,cs-go,2026-03-24 17:23:55+00:00,Regular Season,Season 12 2026,130733,KUUSAMO.gg,132459,ROUNDS,130733,1,3
1394925,cs-go,2026-03-24 17:30:02+00:00,Playoffs,Series #10 season 3 2026,138096,Back to Back ,3225,Keyd,138096,1,3
1413400,cs-go,2026-03-24 17:55:15+00:00,Contenders Stage,Season 24 2026,138371,behaczka,138055,ex-PeeP,138055,0,3
1411810,cs-go,2026-03-24 18:03:27+00:00,Playoffs,Contenders #3 2026,126491,NAVI Junior,137660,eLITenergy,137660,0,3
1411808,cs-go,2026-03-24 18:24:52+00:00,Playoffs,Contenders #3 2026,138358,banda chuya,132679,brazylijski luz,132679,0,3
1404870,cs-go,2026-03-24 18:32:08+00:00,Group B,Closed Qualifier season 1 2026,126232,m1x,3266,ESC Gaming,126232,1,3
1403601,cs-go,2026-03-24 18:39:35+00:00,Group B,Season 1 2026,133686,Passion UA,125071,Tricked,125071,0,3
1415191,cs-go,2026-03-24 18:45:00+00:00,Group C,March 2026,131161,Players,135743,BESTIA Academy,135743,0,3
1403536,cs-go,2026-03-24 19:10:58+00:00,Group A,Season 1 2026,134320,aimclub,126699,Nexus,134320,1,3
1403627,cs-go,2026-03-24 19:20:33+00:00,Group C,Season 1 2026,133988,HyperSpirit,129856,ECSTATIC,133988,1,3
1398103,cs-go,2026-03-24 19:40:19+00:00,Group B,Spring 2026,137271,FC Famalicão Esports,134188,Johnny Speeds,134188,0,3
1403090,cs-go,2026-03-24 20:29:24+00:00,Playoffs,Open #3 2026,3318,3DMAX,136560,Phantom,136560,0,3
1372446,cs-go,2026-03-24 20:32:17+00:00,Regular Season,Season 12 2026,138131,BoyBand,137467,Elite Klan,138131,1,3
1404827,cs-go,2026-03-24 20:40:44+00:00,Group A,Closed Qualifier season 1 2026,137881,rottweilers,135913,Diamant Esports,137881,1,3
1398986,cs-go,2026-03-24 20:41:00+00:00,Group Stage,Series #19 season 3 2026,128629,megoshort,137488,QWENTRY,137488,0,3
1411812,cs-go,2026-03-24 20:48:35+00:00,Playoffs,Contenders #3 2026,137500,CYBERSHOKE Prospects,131591,XI Esport,137500,1,3
1411693,cs-go,2026-03-24 20:54:54+00:00,Group B,Closed Qualifier: Series #20 season 3 2026,133994,Oxuji Esports,134815,RUSTEC,134815,0,3
1405828,cs-go,2026-03-24 21:22:36+00:00,Group D,March 2026,138096,Back to Back ,137966,Guara Esports,137966,0,3
1394926,cs-go,2026-03-24 21:35:25+00:00,Playoffs,Series #10 season 3 2026,136029,Fake do Biru,135580,Game Hunters,136029,1,3
1398079,cs-go,2026-03-24 21:39:43+00:00,Playoffs,Europe Cup #2 season 51 2026,137948,TDK,136900,Ursa,136900,0,3
1398078,cs-go,2026-03-24 21:43:30+00:00,Playoffs,Europe Cup #2 season 51 2026,124522,Nemiga,137289,Team Nemesis,124522,1,3
1413401,cs-go,2026-03-24 21:56:49+00:00,Contenders Stage,Season 24 2026,137285,Hermine Esports Club,130059,Eternal Fire Academy,137285,1,3
1411813,cs-go,2026-03-24 22:13:57+00:00,Playoffs,Contenders #3 2026,138357,Lombard,138250,Glitch,138357,1,3
1403607,cs-go,2026-03-24 22:34:18+00:00,Group B,Season 1 2026,136516,BASEMENT BOYS,125071,Tricked,125071,0,3
1403537,cs-go,2026-03-24 22:54:17+00:00,Group A,Season 1 2026,3217,fnatic,134320,aimclub,134320,0,3
1403632,cs-go,2026-03-24 23:15:07+00:00,Group D,Season 1 2026,126408,9INE,126584,OG,126408,1,3
1397683,cs-go,2026-03-24 23:59:30+00:00,Playoffs,South America Cup #2 season 51 2026,138086,METANOIA WOLVES,133326,Bounty Hunters Esports,138086,1,3
1397682,cs-go,2026-03-25 00:10:40+00:00,Playoffs,South America Cup #2 season 51 2026,3225,Keyd,130605,UNO MILLE,130605,0,3
1403092,cs-go,2026-03-25 00:36:17+00:00,Playoffs,Open #3 2026,137699,FOKUS,136560,Phantom,137699,1,3
1394924,cs-go,2026-03-25 00:36:17+00:00,Playoffs,Series #10 season 3 2026,137992,Fluxo W7M,137421,DashSkins,137421,0,3
1416036,cs-go,2026-03-25 01:40:00+00:00,Playoffs,Astana: South American Open Qualifier #2 2026,137459,Alzon,138096,Back to Back ,138096,0,3
1416037,cs-go,2026-03-25 01:50:00+00:00,Playoffs,Astana: South American Open Qualifier #2 2026,125863,Isurus,131849,paiN Academy,125863,1,3
1397982,cs-go,2026-03-25 03:37:26+00:00,Playoffs,North America Cup #2 season 51 2026,134773,F5 Esports,132366,LAG Gaming,132366,0,3
1397983,cs-go,2026-03-25 04:47:00+00:00,Playoffs,North America Cup #2 season 51 2026,137148,Outfit 49,135230,Team Aether,135230,0,3
1411921,cs-go,2026-03-25 07:43:44+00:00,Playoffs,Spring 2026,137763,Morningstar,130329,Rare Atom,137763,1,3
1411699,cs-go,2026-03-25 10:20:07+00:00,Group C,Closed Qualifier: Series #20 season 3 2026,126417,Lilmix,136610,AKA HERO KAJO,126417,1,3
1411920,cs-go,2026-03-25 10:41:58+00:00,Playoffs,Spring 2026,130329,Rare Atom,137353,Last Bullet,130329,1,3
1404790,cs-go,2026-03-25 10:49:49+00:00,Playoffs,Season 46 2026,127976,Infinite,137861,STATE,127976,1,3
1401479,cs-go,2026-03-25 11:24:15+00:00,Group A,Series 6 Play-In 2026,131591,XI Esport,135321,G2 Ares,135321,0,3
1397994,cs-go,2026-03-25 11:53:10+00:00,Playoffs,Oceania Cup #2 season 51 2026,135428,SemperFi Esports,125873,Ground Zero,135428,1,3
1398987,cs-go,2026-03-25 12:06:20+00:00,Group Stage,Series #19 season 3 2026,136826,MINLATE,134251,Rebels Gaming,134251,0,3
1389797,cs-go,2026-03-25 12:07:47+00:00,Group Stage,Season 6 2026,133269,Leo Team,137080,MANA eSports,137080,0,3
1398104,cs-go,2026-03-25 12:40:51+00:00,Group C,Spring 2026,135381,Betclic Apogee Esports,136815,HEROIC Academy,135381,1,3
1398002,cs-go,2026-03-25 12:54:17+00:00,Playoffs,Oceania Cup #2 season 51 2026,131110,Mindfreak,127114,Rooster,127114,0,3
1403633,cs-go,2026-03-25 13:45:55+00:00,Playoffs,Season 1 2026,3210,G2,134320,aimclub,3210,1,3
1403634,cs-go,2026-03-25 13:48:31+00:00,Playoffs,Season 1 2026,127014,Sinners,132800,BESTIA,127014,1,3
1403635,cs-go,2026-03-25 13:49:33+00:00,Playoffs,Season 1 2026,133458,BetBoom Team,129413,Eternal Fire,133458,1,3
1404796,cs-go,2026-03-25 14:44:40+00:00,Playoffs,Season 46 2026,132795,INFURITY Gaming,126694,BIG Academy,126694,0,3
1389798,cs-go,2026-03-25 14:45:33+00:00,Group Stage,Season 6 2026,134251,Rebels Gaming,136900,Ursa,134251,1,3
1398988,cs-go,2026-03-25 14:55:20+00:00,Group Stage,Series #19 season 3 2026,137861,STATE,137416,TNC,137861,1,3
1411695,cs-go,2026-03-25 15:19:12+00:00,Group C,Closed Qualifier: Series #20 season 3 2026,137251, CSDIILIT,137080,MANA eSports,137251,1,3
1398106,cs-go,2026-03-25 15:23:40+00:00,Group C,Spring 2026,138280,Västerås,135381,Betclic Apogee Esports,135381,0,3
1400164,cs-go,2026-03-25 15:28:05+00:00,Playoffs,Asia-Pacific Cup 2 season 51 2026,136024,FengDa Gaming,138152,BMZ,138152,0,3
1403636,cs-go,2026-03-25 15:28:15+00:00,Playoffs,Season 1 2026,131441,Monte,126408,9INE,131441,1,3
1415179,cs-go,2026-03-25 15:40:43+00:00,Playoffs,Astana: European Open Qualifier #2 2026,136817,AM Gaming,137861,STATE,136817,1,1
1415182,cs-go,2026-03-25 15:45:27+00:00,Playoffs,Astana: European Open Qualifier #2 2026,138401,AKPO6ATbI,136577,Team Novaq,138401,1,1
1415176,cs-go,2026-03-25 15:52:10+00:00,Playoffs,Astana: European Open Qualifier #2 2026,137932,ex-RUBY,135497,WW Team,135497,0,1
1415178,cs-go,2026-03-25 16:04:13+00:00,Playoffs,Astana: European Open Qualifier #2 2026,135126,FORZE Reload,138399,Zorka Future,138399,0,1
1415181,cs-go,2026-03-25 16:18:26+00:00,Playoffs,Astana: European Open Qualifier #2 2026,133991,ZOTIX,137538,B8 Academy,137538,0,1
1415177,cs-go,2026-03-25 16:23:09+00:00,Playoffs,Astana: European Open Qualifier #2 2026,137028,Endless Journey,137360,yngods,137028,1,1
1415175,cs-go,2026-03-25 16:23:15+00:00,Playoffs,Astana: European Open Qualifier #2 2026,136659,SPARTA,136846,Prestige,136659,1,1
1415180,cs-go,2026-03-25 16:23:22+00:00,Playoffs,Astana: European Open Qualifier #2 2026,129318,okura,138400,mellren,138400,0,1
1414588,cs-go,2026-03-25 16:32:40+00:00,Main Stage,Season 24 2026,137324,Imperial Academy,135978,eternal premium,137324,1,3
1394929,cs-go,2026-03-25 16:43:34+00:00,Playoffs,Series #10 season 3 2026,136029,Fake do Biru,133326,Bounty Hunters Esports,136029,1,3
1398989,cs-go,2026-03-25 17:01:21+00:00,Group Stage,Series #19 season 3 2026,133269,Leo Team,136900,Ursa,136900,0,3
1403638,cs-go,2026-03-25 17:14:45+00:00,Playoffs,Season 1 2026,130569,HOTU,136497,Inner Circle Esports,130569,1,3
1400163,cs-go,2026-03-25 17:15:44+00:00,Playoffs,Asia-Pacific Cup 2 season 51 2026,135214,Alter Ego,134069,The QUBE Esports,135214,1,3
1372443,cs-go,2026-03-25 17:21:42+00:00,Regular Season,Season 12 2026,138129,BOJONG,137251, CSDIILIT,137251,0,3
1404871,cs-go,2026-03-25 17:49:40+00:00,Group C,Closed Qualifier season 1 2026,133063,UNiTY esports,137792,Qual4,133063,1,3
1403637,cs-go,2026-03-25 17:50:28+00:00,Playoffs,Season 1 2026,3246,Heroic,125071,Tricked,125071,0,3
1389799,cs-go,2026-03-25 17:52:08+00:00,Group Stage,Season 6 2026,136539,ALGO Esports,136826,MINLATE,136539,1,3
1411716,cs-go,2026-03-25 17:56:46+00:00,Group D,Closed Qualifier: Series #20 season 3 2026,137701,Bebop,135669,8Sins,137701,1,3
1415186,cs-go,2026-03-25 17:57:41+00:00,Playoffs,Astana: European Open Qualifier #2 2026,138401,AKPO6ATbI,137538,B8 Academy,138401,1,3
1414589,cs-go,2026-03-25 18:02:02+00:00,Main Stage,Season 24 2026,136786,LPH Gaming,138055,ex-PeeP,136786,1,3
1403639,cs-go,2026-03-25 18:15:33+00:00,Playoffs,Season 1 2026,3249,BIG,129160,MOUZ NXT,3249,1,3
1403640,cs-go,2026-03-25 18:26:32+00:00,Playoffs,Season 1 2026,137296,Gentle Mates,133988,HyperSpirit,137296,1,3
1398108,cs-go,2026-03-25 18:44:52+00:00,Group C,Spring 2026,136815,HEROIC Academy,138280,Västerås,136815,1,3
1415185,cs-go,2026-03-25 18:46:10+00:00,Playoffs,Astana: European Open Qualifier #2 2026,136817,AM Gaming,138400,mellren,136817,1,3
1414599,cs-go,2026-03-25 18:55:43+00:00,Playoffs,Contenders #3 2026,138250,Glitch,128935,bankaPEPSI,128935,0,3
1415183,cs-go,2026-03-25 19:06:20+00:00,Playoffs,Astana: European Open Qualifier #2 2026,135497,WW Team,136659,SPARTA,135497,1,3
1414600,cs-go,2026-03-25 19:15:00+00:00,Playoffs,Contenders #3 2026,137967,ReThink,137660,eLITenergy,137660,0,3
1415184,cs-go,2026-03-25 19:15:33+00:00,Playoffs,Astana: European Open Qualifier #2 2026,138399,Zorka Future,137028,Endless Journey,137028,0,3
1411717,cs-go,2026-03-25 19:30:25+00:00,Group D,Closed Qualifier: Series #20 season 3 2026,131389,ENCE Academy,129922,EC BANGA,131389,1,3
1398990,cs-go,2026-03-25 19:34:52+00:00,Group Stage,Series #19 season 3 2026,138370,Lavked,138236,Hashiras,138370,1,3
1398080,cs-go,2026-03-25 19:50:38+00:00,Playoffs,Europe Cup #2 season 51 2026,124522,Nemiga,136900,Ursa,124522,1,3
1398096,cs-go,2026-03-25 20:00:25+00:00,Playoffs,Europe Cup #2 season 51 2026,135298,K27,126944,1WIN,126944,0,3
1394928,cs-go,2026-03-25 20:16:00+00:00,Playoffs,Series #10 season 3 2026,137421,DashSkins,138096,Back to Back ,137421,1,3
1403642,cs-go,2026-03-25 20:53:46+00:00,Playoffs,Season 1 2026,133458,BetBoom Team,131441,Monte,133458,1,3
1414590,cs-go,2026-03-25 21:01:48+00:00,Main Stage,Season 24 2026,130590,The Last Resort,138291,Nova Legion,130590,1,3
1415188,cs-go,2026-03-25 21:03:44+00:00,Playoffs,Astana: European Open Qualifier #2 2026,138401,AKPO6ATbI,136817,AM Gaming,138401,1,3
1403643,cs-go,2026-03-25 21:05:41+00:00,Playoffs,Season 1 2026,130569,HOTU,125071,Tricked,130569,1,3
1414598,cs-go,2026-03-25 21:14:14+00:00,Playoffs,Contenders #3 2026,131591,XI Esport,132679,brazylijski luz,132679,0,3
1415187,cs-go,2026-03-25 21:14:25+00:00,Playoffs,Astana: European Open Qualifier #2 2026,135497,WW Team,137028,Endless Journey,135497,1,3
1403644,cs-go,2026-03-25 21:42:15+00:00,Playoffs,Season 1 2026,3249,BIG,137296,Gentle Mates,3249,1,3
1385721,cs-go,2026-03-25 21:58:29+00:00,Group Stage,Season 5 2026,138180,FROX,138179,Huskies eSport,138180,1,3
1416038,cs-go,2026-03-25 22:01:20+00:00,Playoffs,Astana: South American Open Qualifier #2 2026,135743,BESTIA Academy,129800,MIBR Academy,129800,0,3
1403641,cs-go,2026-03-25 22:35:57+00:00,Playoffs,Season 1 2026,3210,G2,127014,Sinners,127014,0,3
1394930,cs-go,2026-03-25 23:13:41+00:00,Playoffs,Series #10 season 3 2026,136029,Fake do Biru,137421,DashSkins,137421,0,3
1397684,cs-go,2026-03-26 00:12:17+00:00,Playoffs,South America Cup #2 season 51 2026,130605,UNO MILLE,138086,METANOIA WOLVES,130605,1,3
1416035,cs-go,2026-03-26 00:36:46+00:00,Playoffs,Astana: South American Open Qualifier #2 2026,135580,Game Hunters,138276,ALKA GAMING,135580,1,3
1416139,cs-go,2026-03-26 01:00:13+00:00,Playoffs,Astana: South American Open Qualifier #2 2026,125863,Isurus,129800,MIBR Academy,129800,0,3
1397720,cs-go,2026-03-26 03:34:29+00:00,Playoffs,North America Cup #2 season 51 2026,137496,SportsBetExpert,136064,Chicken Coop Esports,137496,1,3
1397984,cs-go,2026-03-26 03:46:39+00:00,Playoffs,North America Cup #2 season 51 2026,132366,LAG Gaming,135230,Team Aether,135230,0,3
1411922,cs-go,2026-03-26 06:58:09+00:00,Playoffs,Spring 2026,137763,Morningstar,130329,Rare Atom,130329,0,5
1411696,cs-go,2026-03-26 10:16:49+00:00,Group C,Closed Qualifier: Series #20 season 3 2026,136610,AKA HERO KAJO,137080,MANA eSports,137080,0,3
1398991,cs-go,2026-03-26 10:33:32+00:00,Group Stage,Series #19 season 3 2026,132927,Rune Eaters,137449,OlyBet SB,132927,1,3
1401471,cs-go,2026-03-26 11:10:51+00:00,Play-In,Series 6 Play-In 2026,137701,Bebop,138289,Off Site,138289,0,3
1404797,cs-go,2026-03-26 11:55:33+00:00,Playoffs,Season 46 2026,137861,STATE,126694,BIG Academy,126694,0,3
1398110,cs-go,2026-03-26 12:41:26+00:00,Group D,Spring 2026,131189,EYEBALLERS,128327,Young Ninjas,131189,1,3
1414591,cs-go,2026-03-26 12:57:55+00:00,Main Stage,Season 24 2026,138098,FOKUS REALITY,132795,INFURITY Gaming,132795,0,3
1398109,cs-go,2026-03-26 13:19:04+00:00,Group D,Spring 2026,133725,Alliance,137967,ReThink,133725,1,3
1398003,cs-go,2026-03-26 13:30:58+00:00,Playoffs,Oceania Cup #2 season 51 2026,125873,Ground Zero,127114,Rooster,127114,0,3
1403645,cs-go,2026-03-26 13:57:34+00:00,Playoffs,Season 1 2026,133458,BetBoom Team,127014,Sinners,127014,0,3
1411769,cs-go,2026-03-26 14:35:52+00:00,Group A,2026,3250,MIBR,138375,Magna,3250,1,3
1401472,cs-go,2026-03-26 14:36:23+00:00,Play-In,Series 6 Play-In 2026,138288,Basement Bobs,134405,Vexar,138288,1,3
1398992,cs-go,2026-03-26 14:44:22+00:00,Group Stage,Series #19 season 3 2026,137584,Omega,128629,megoshort,128629,0,3
1403646,cs-go,2026-03-26 14:59:46+00:00,Playoffs,Season 1 2026,130569,HOTU,3249,BIG,3249,0,3
1413553,cs-go,2026-03-26 15:37:15+00:00,Group Stage,Season 2 2026,137141,Crashers,138276,ALKA GAMING,137141,1,3
1398136,cs-go,2026-03-26 15:37:48+00:00,Group D,Spring 2026,137967,ReThink,128327,Young Ninjas,128327,0,3
1411770,cs-go,2026-03-26 16:00:30+00:00,Group A,2026,130566,Gaimin Gladiators,135468,ShindeN,130566,1,3
1404872,cs-go,2026-03-26 16:18:45+00:00,Group C,Closed Qualifier season 1 2026,136516,BASEMENT BOYS,138309,bond1e,138309,0,3
1398993,cs-go,2026-03-26 16:50:23+00:00,Group Stage,Series #19 season 3 2026,137416,TNC,137488,QWENTRY,137488,0,3
1411698,cs-go,2026-03-26 16:56:24+00:00,Group C,Closed Qualifier: Series #20 season 3 2026,126417,Lilmix,137251, CSDIILIT,137251,0,3
1398124,cs-go,2026-03-26 17:01:58+00:00,Group D,Spring 2026,133725,Alliance,131189,EYEBALLERS,131189,0,3
1400165,cs-go,2026-03-26 17:15:25+00:00,Playoffs,Asia-Pacific Cup 2 season 51 2026,136024,FengDa Gaming,135214,Alter Ego,136024,1,3
1403648,cs-go,2026-03-26 17:48:03+00:00,Playoffs,Season 1 2026,133458,BetBoom Team,130569,HOTU,133458,1,3
1416134,cs-go,2026-03-26 17:48:18+00:00,Playoffs,Contenders #3 2026,134405,Vexar,132679,brazylijski luz,132679,0,3
1416135,cs-go,2026-03-26 18:05:43+00:00,Playoffs,Contenders #3 2026,128935,bankaPEPSI,137660,eLITenergy,128935,1,3
1398137,cs-go,2026-03-26 19:17:36+00:00,Group D,Spring 2026,128327,Young Ninjas,133725,Alliance,133725,0,3
1414593,cs-go,2026-03-26 19:39:03+00:00,Main Stage,Season 24 2026,137581,Young TigeRES,128766,Spirit Academy,137581,1,3
1411771,cs-go,2026-03-26 19:56:43+00:00,Group A,2026,3250,MIBR,130566,Gaimin Gladiators,130566,0,3
1398994,cs-go,2026-03-26 20:05:49+00:00,Group Stage,Series #19 season 3 2026,133269,Leo Team,137251, CSDIILIT,133269,1,3
1404876,cs-go,2026-03-26 20:22:39+00:00,Group D,Closed Qualifier season 1 2026,137440,ASTRAL,138183,DALUYONG,137440,1,3
1398081,cs-go,2026-03-26 20:48:26+00:00,Playoffs,Europe Cup #2 season 51 2026,135298,K27,124522,Nemiga,124522,0,3
1414594,cs-go,2026-03-26 21:11:17+00:00,Main Stage,Season 24 2026,130733,KUUSAMO.gg,127976,Infinite,127976,0,3
1411719,cs-go,2026-03-26 21:16:38+00:00,Group D,Closed Qualifier: Series #20 season 3 2026,137701,Bebop,131389,ENCE Academy,131389,0,3
1403647,cs-go,2026-03-26 21:17:28+00:00,Playoffs,Season 1 2026,127014,Sinners,3249,BIG,127014,1,3
1414596,cs-go,2026-03-26 21:18:57+00:00,Playoffs,Contenders #3 2026,138357,Lombard,135474,Fire Flux Esports,135474,0,3
1414595,cs-go,2026-03-26 21:35:31+00:00,Playoffs,Contenders #3 2026,138027,Benched gods,137500,CYBERSHOKE Prospects,138027,1,3
1411775,cs-go,2026-03-26 22:51:50+00:00,Group B,2026,131253,ODDIK,136318,Marsborne,136318,0,3
1404877,cs-go,2026-03-26 22:54:20+00:00,Group D,Closed Qualifier season 1 2026,133988,HyperSpirit,138146,Drama eSports,133988,1,3
1413555,cs-go,2026-03-26 23:04:39+00:00,Group Stage,Season 2 2026,3225,Keyd,129800,MIBR Academy,129800,0,3
1415104,cs-go,2026-03-26 23:29:48+00:00,Group A,March 2026,137687,METANOIA,137459,Alzon,137459,0,3
1411774,cs-go,2026-03-26 23:46:26+00:00,Group B,2026,126709,9z,135580,Game Hunters,126709,1,3
1397685,cs-go,2026-03-27 02:41:15+00:00,Playoffs,South America Cup #2 season 51 2026,137421,DashSkins,130605,UNO MILLE,130605,0,3
1411776,cs-go,2026-03-27 03:15:49+00:00,Group B,2026,136318,Marsborne,126709,9z,126709,0,3
1397985,cs-go,2026-03-27 05:02:05+00:00,Playoffs,North America Cup #2 season 51 2026,136064,Chicken Coop Esports,135230,Team Aether,136064,1,3
1398995,cs-go,2026-03-27 10:50:45+00:00,Group Stage,Series #19 season 3 2026,136826,MINLATE,138236,Hashiras,136826,1,3
1404791,cs-go,2026-03-27 10:54:49+00:00,Playoffs,Season 46 2026,127976,Infinite,126694,BIG Academy,127976,1,3
1411689,cs-go,2026-03-27 11:42:14+00:00,Group A,Closed Qualifier: Series #20 season 3 2026,137881,rottweilers,127911,MASONIC,137881,1,3
1397995,cs-go,2026-03-27 11:44:38+00:00,Playoffs,Oceania Cup #2 season 51 2026,135428,SemperFi Esports,127114,Rooster,135428,1,3
1418456,cs-go,2026-03-27 13:06:38+00:00,Main Stage,Season 24 2026,126624,Brute,132795,INFURITY Gaming,132795,0,3
1398186,cs-go,2026-03-27 13:10:58+00:00,Playoffs,Spring 2026,125847,GamerLegion,133725,Alliance,133725,0,3
1401474,cs-go,2026-03-27 13:25:37+00:00,Play-In,Series 6 Play-In 2026,137324,Imperial Academy,135321,G2 Ares,137324,1,3
1411694,cs-go,2026-03-27 14:25:01+00:00,Group B,Closed Qualifier: Series #20 season 3 2026,137488,QWENTRY,133994,Oxuji Esports,137488,1,3
1398996,cs-go,2026-03-27 14:45:29+00:00,Group Stage,Series #19 season 3 2026,136539,ALGO Esports,137701,Bebop,136539,1,3
1411780,cs-go,2026-03-27 15:00:15+00:00,Group C,2026,126377,Imperial,134355,Galorys,134355,0,3
1404873,cs-go,2026-03-27 15:36:57+00:00,Group C,Closed Qualifier season 1 2026,133063,UNiTY esports,138309,bond1e,138309,0,3
1411779,cs-go,2026-03-27 15:46:27+00:00,Group C,2026,133708,Legacy,131538,Yawara Esports,133708,1,3
1398200,cs-go,2026-03-27 15:51:12+00:00,Playoffs,Spring 2026,135381,Betclic Apogee Esports,134188,Johnny Speeds,134188,0,3
1394949,cs-go,2026-03-27 15:51:15+00:00,Playoffs,Rotterdam Spring 2026,131505,Aurora Gaming,3272,TheMongolz,131505,1,3
1400166,cs-go,2026-03-27 16:01:45+00:00,Playoffs,Asia-Pacific Cup 2 season 51 2026,138152,BMZ,136024,FengDa Gaming,136024,0,3
1401473,cs-go,2026-03-27 16:06:59+00:00,Play-In,Series 6 Play-In 2026,126694,BIG Academy,137727,japczany,137727,0,3
1418457,cs-go,2026-03-27 16:12:59+00:00,Main Stage,Season 24 2026,136786,LPH Gaming,130590,The Last Resort,136786,1,3
1413557,cs-go,2026-03-27 16:13:07+00:00,Group Stage,Season 2 2026,130605,UNO MILLE,135743,BESTIA Academy,130605,1,3
1411697,cs-go,2026-03-27 16:53:52+00:00,Group C,Closed Qualifier: Series #20 season 3 2026,137080,MANA eSports,126417,Lilmix,137080,1,3
1398997,cs-go,2026-03-27 17:01:02+00:00,Group Stage,Series #19 season 3 2026,137861,STATE,136900,Ursa,136900,0,3
1404898,cs-go,2026-03-27 17:30:11+00:00,Group D,Closed Qualifier season 1 2026,137440,ASTRAL,133988,HyperSpirit,137440,1,3
1411781,cs-go,2026-03-27 18:47:46+00:00,Group C,2026,134355,Galorys,133708,Legacy,133708,0,3
1394950,cs-go,2026-03-27 18:57:02+00:00,Playoffs,Rotterdam Spring 2026,130564,Team Falcons,133719,PARIVISION,133719,0,3
1398212,cs-go,2026-03-27 19:01:04+00:00,Playoffs,Spring 2026,133435,M80,136815,HEROIC Academy,136815,0,3
1398998,cs-go,2026-03-27 19:44:42+00:00,Group Stage,Series #19 season 3 2026,134251,Rebels Gaming,138370,Lavked,138370,0,3
1398097,cs-go,2026-03-27 19:47:19+00:00,Playoffs,Europe Cup #2 season 51 2026,126944,1WIN,124522,Nemiga,124522,0,3
1411720,cs-go,2026-03-27 19:58:37+00:00,Group D,Closed Qualifier: Series #20 season 3 2026,137701,Bebop,135669,8Sins,137701,1,3
1418466,cs-go,2026-03-27 20:20:49+00:00,Playoffs,European Finals season 56 2026,137075,Misa Esports,132459,ROUNDS,137075,1,3
1418464,cs-go,2026-03-27 20:32:38+00:00,Playoffs,European Finals season 56 2026,137474,Oldboys,135227,ENJOY,137474,1,3
1418450,cs-go,2026-03-27 21:15:23+00:00,Playoffs,Contenders #3 2026,137500,CYBERSHOKE Prospects,132679,brazylijski luz,137500,1,3
1413559,cs-go,2026-03-27 21:17:43+00:00,Group Stage,Season 2 2026,133906,Atrix Esports,131849,paiN Academy,131849,0,3
1404908,cs-go,2026-03-27 21:18:49+00:00,Group D,Closed Qualifier season 1 2026,138183,DALUYONG,138146,Drama eSports,138183,1,3
1418465,cs-go,2026-03-27 21:18:58+00:00,Playoffs,European Finals season 56 2026,137488,QWENTRY,134037,Banger Gang,137488,1,3
1418467,cs-go,2026-03-27 21:29:17+00:00,Playoffs,European Finals season 56 2026,137659,TNT,137580, Phantom Academy,137659,1,3
1398213,cs-go,2026-03-27 21:33:34+00:00,Playoffs,Spring 2026,131189,EYEBALLERS,129440,Metizport,131189,1,3
1418459,cs-go,2026-03-27 21:36:56+00:00,Main Stage,Season 24 2026,137324,Imperial Academy,137581,Young TigeRES,137324,1,3
1411785,cs-go,2026-03-27 21:41:13+00:00,Group D,2026,126227,RED Canids,137421,DashSkins,137421,0,3
1411784,cs-go,2026-03-27 22:41:35+00:00,Group D,2026,125751,paiN,133326,Bounty Hunters Esports,125751,1,3
1397662,cs-go,2026-03-27 23:41:54+00:00,Playoffs,South America Cup #2 season 51 2026,135468,ShindeN,130605,UNO MILLE,135468,1,3
1413560,cs-go,2026-03-28 00:25:03+00:00,Group Stage,Season 2 2026,136029,Fake do Biru,137143,R2 Esports Club,136029,1,3
1411786,cs-go,2026-03-28 01:42:15+00:00,Group D,2026,137421,DashSkins,125751,paiN,125751,0,3
1397721,cs-go,2026-03-28 03:47:14+00:00,Playoffs,North America Cup #2 season 51 2026,137496,SportsBetExpert,136064,Chicken Coop Esports,136064,0,3
1413510,cs-go,2026-03-28 10:28:10+00:00,Play-In,Closed Qualifier: Series #20 season 3 2026,137251, CSDIILIT,137488,QWENTRY,137488,0,3
1413594,cs-go,2026-03-28 10:56:49+00:00,Group A,Season 7 2026,133458,BetBoom Team,138388,NOMERCY,133458,1,1
1413595,cs-go,2026-03-28 11:12:55+00:00,Group A,Season 7 2026,132800,BESTIA,135273,Wildcard,132800,1,1
1418460,cs-go,2026-03-28 11:57:27+00:00,Main Stage,Season 24 2026,137285,Hermine Esports Club,130733,KUUSAMO.gg,137285,1,3
1413596,cs-go,2026-03-28 12:12:40+00:00,Group A,Season 7 2026,133458,BetBoom Team,132800,BESTIA,132800,0,1
1413597,cs-go,2026-03-28 12:13:27+00:00,Group A,Season 7 2026,127365,Sangal,138388,NOMERCY,127365,1,1
1413598,cs-go,2026-03-28 13:06:43+00:00,Group A,Season 7 2026,132800,BESTIA,138388,NOMERCY,132800,1,1
1413599,cs-go,2026-03-28 13:34:45+00:00,Group A,Season 7 2026,127365,Sangal,135273,Wildcard,127365,1,1
1398223,cs-go,2026-03-28 13:41:41+00:00,Playoffs,Spring 2026,133725,Alliance,134188,Johnny Speeds,133725,1,3
1411772,cs-go,2026-03-28 14:07:16+00:00,Group A,2026,138375,Magna,135468,ShindeN,135468,0,3
1400824,cs-go,2026-03-28 14:40:15+00:00,Group A,Series 6 2026,135497,WW Team,128629,megoshort,128629,0,3
1413511,cs-go,2026-03-28 14:40:45+00:00,Play-In,Closed Qualifier: Series #20 season 3 2026,137703,ex-Zero Tenacity,137701,Bebop,137701,0,3
1413601,cs-go,2026-03-28 14:44:30+00:00,Group A,Season 7 2026,132800,BESTIA,127365,Sangal,132800,1,1
1413600,cs-go,2026-03-28 14:52:34+00:00,Group A,Season 7 2026,133458,BetBoom Team,135273,Wildcard,135273,0,1
1398999,cs-go,2026-03-28 14:54:53+00:00,Group Stage,Series #19 season 3 2026,137416,TNC,138236,Hashiras,137416,1,3
1418461,cs-go,2026-03-28 15:07:44+00:00,Main Stage,Season 24 2026,128766,Spirit Academy,138055,ex-PeeP,128766,1,3
1398241,cs-go,2026-03-28 15:18:44+00:00,Playoffs,Spring 2026,136815,HEROIC Academy,131189,EYEBALLERS,131189,0,3
1411782,cs-go,2026-03-28 15:23:42+00:00,Group C,2026,126377,Imperial,131538,Yawara Esports,126377,1,3
1413603,cs-go,2026-03-28 15:40:23+00:00,Group A,Season 7 2026,135273,Wildcard,138388,NOMERCY,135273,1,1
1394951,cs-go,2026-03-28 15:51:47+00:00,Playoffs,Rotterdam Spring 2026,3455,Vitality,131505,Aurora Gaming,3455,1,3
1413602,cs-go,2026-03-28 16:03:00+00:00,Group A,Season 7 2026,133458,BetBoom Team,127365,Sangal,133458,1,1
1399000,cs-go,2026-03-28 16:48:03+00:00,Group Stage,Series #19 season 3 2026,128629,megoshort,137251, CSDIILIT,128629,1,3
1411773,cs-go,2026-03-28 17:42:38+00:00,Group A,2026,3250,MIBR,135468,ShindeN,135468,0,3
1413512,cs-go,2026-03-28 18:03:44+00:00,Play-In,Closed Qualifier: Series #20 season 3 2026,131389,ENCE Academy,137881,rottweilers,131389,1,3
1411783,cs-go,2026-03-28 18:10:38+00:00,Group C,2026,134355,Galorys,126377,Imperial,126377,0,3
1413605,cs-go,2026-03-28 18:28:08+00:00,Group B,Season 7 2026,133542,CYBERSHOKE Esports,126738,SAW,133542,1,1
1398242,cs-go,2026-03-28 19:05:22+00:00,Playoffs,Spring 2026,133725,Alliance,131189,EYEBALLERS,133725,1,3
1418463,cs-go,2026-03-28 19:19:57+00:00,Main Stage,Season 24 2026,138291,Nova Legion,137580, Phantom Academy,137580,0,3
1418452,cs-go,2026-03-28 19:21:32+00:00,Playoffs,Contenders #3 2026,138027,Benched gods,135474,Fire Flux Esports,138027,1,3
1413562,cs-go,2026-03-28 19:31:17+00:00,Group Stage,Season 2 2026,130605,UNO MILLE,131849,paiN Academy,130605,1,3
1413606,cs-go,2026-03-28 19:34:05+00:00,Group B,Season 7 2026,3246,Heroic,133542,CYBERSHOKE Esports,3246,1,1
1394952,cs-go,2026-03-28 19:53:29+00:00,Playoffs,Rotterdam Spring 2026,3216,Natus Vincere,133719,PARIVISION,3216,1,3
1404874,cs-go,2026-03-28 20:19:10+00:00,Group C,Closed Qualifier season 1 2026,137792,Qual4,136516,BASEMENT BOYS,136516,0,3
1413513,cs-go,2026-03-28 20:19:28+00:00,Play-In,Closed Qualifier: Series #20 season 3 2026,134815,RUSTEC,137080,MANA eSports,134815,1,3
1411777,cs-go,2026-03-28 20:29:40+00:00,Group B,2026,131253,ODDIK,135580,Game Hunters,131253,1,3
1411787,cs-go,2026-03-28 21:00:50+00:00,Group D,2026,126227,RED Canids,133326,Bounty Hunters Esports,126227,1,3
1399001,cs-go,2026-03-28 21:01:41+00:00,Group Stage,Series #19 season 3 2026,132927,Rune Eaters,137701,Bebop,137701,0,3
1418453,cs-go,2026-03-28 21:17:40+00:00,Playoffs,Contenders #3 2026,128935,bankaPEPSI,137500,CYBERSHOKE Prospects,128935,1,3
1418469,cs-go,2026-03-28 21:36:52+00:00,Playoffs,European Finals season 56 2026,137075,Misa Esports,137659,TNT,137659,0,3
1413609,cs-go,2026-03-28 21:38:57+00:00,Group B,Season 7 2026,137992,Fluxo W7M,126738,SAW,137992,1,1
1418468,cs-go,2026-03-28 21:43:56+00:00,Playoffs,European Finals season 56 2026,137474,Oldboys,137488,QWENTRY,137488,0,3
1413563,cs-go,2026-03-28 22:24:56+00:00,Group Stage,Season 2 2026,138086,METANOIA WOLVES,137143,R2 Esports Club,137143,0,3
1413610,cs-go,2026-03-28 22:35:22+00:00,Group B,Season 7 2026,3246,Heroic,126738,SAW,3246,1,1
1413611,cs-go,2026-03-28 22:45:07+00:00,Group B,Season 7 2026,133542,CYBERSHOKE Esports,137992,Fluxo W7M,137992,0,1
1411778,cs-go,2026-03-28 23:27:26+00:00,Group B,2026,136318,Marsborne,131253,ODDIK,131253,0,3
1413612,cs-go,2026-03-28 23:33:36+00:00,Group B,Season 7 2026,3246,Heroic,137992,Fluxo W7M,3246,1,1
1421023,cs-go,2026-03-29 00:00:51+00:00,Playoffs,York 2026,136002,Fisher College,137783,Memeories,136002,1,3
1413564,cs-go,2026-03-29 00:19:23+00:00,Group Stage,Season 2 2026,133906,Atrix Esports,135743,BESTIA Academy,135743,0,3
1411788,cs-go,2026-03-29 01:07:36+00:00,Group D,2026,137421,DashSkins,126227,RED Canids,137421,1,3
1421024,cs-go,2026-03-29 01:21:03+00:00,Playoffs,York 2026,137510,Voca,134773,F5 Esports,137510,1,3
1421026,cs-go,2026-03-29 01:25:08+00:00,Playoffs,York 2026,132366,LAG Gaming,134300,NuTorious,132366,1,3
1421025,cs-go,2026-03-29 01:38:51+00:00,Playoffs,York 2026,133907,BOSS,134333,Wanted Goons,133907,1,3
1400829,cs-go,2026-03-29 09:44:33+00:00,Group B,Series 6 2026,128394,AaB Esport,126417,Lilmix,128394,1,3
1403815,cs-go,2026-03-29 09:45:06+00:00,Group A,Season 6 2026,129160,MOUZ NXT,138303,Alpha Dominion Nation,129160,1,1
1403820,cs-go,2026-03-29 09:46:42+00:00,Group B,Season 6 2026,136497,Inner Circle Esports,131561,Partizan Esport,131561,0,1
1413614,cs-go,2026-03-29 09:57:44+00:00,Group C,Season 7 2026,3249,BIG,126994,JiJieHao,126994,0,1
1403821,cs-go,2026-03-29 10:00:24+00:00,Group B,Season 6 2026,126699,Nexus,136516,BASEMENT BOYS,136516,0,1
1403816,cs-go,2026-03-29 10:03:44+00:00,Group A,Season 6 2026,132426,Lazer Cats,134320,aimclub,132426,1,1
1413615,cs-go,2026-03-29 10:09:00+00:00,Group C,Season 7 2026,127014,Sinners,126584,OG,127014,1,1
1406927,cs-go,2026-03-29 10:32:37+00:00,Group Stage,Series #20 season 3 2026,129440,Metizport,134815,RUSTEC,134815,0,3
1413617,cs-go,2026-03-29 11:26:01+00:00,Group C,Season 7 2026,126584,OG,126994,JiJieHao,126584,1,1
1403826,cs-go,2026-03-29 11:36:13+00:00,Group C,Season 6 2026,131010,Sashi Esport,137589,Strael-Bora,131010,1,1
1403832,cs-go,2026-03-29 11:43:05+00:00,Group D,Season 6 2026,133988,HyperSpirit,127976,Infinite,127976,0,1
1403827,cs-go,2026-03-29 11:48:24+00:00,Group C,Season 6 2026,125774,HAVU,137707,SINQU,125774,1,1
1413616,cs-go,2026-03-29 11:54:47+00:00,Group C,Season 7 2026,3249,BIG,127014,Sinners,3249,1,1
1421523,cs-go,2026-03-29 12:02:27+00:00,Main Stage,Season 24 2026,132795,INFURITY Gaming,136786,LPH Gaming,136786,0,3
1400830,cs-go,2026-03-29 12:19:22+00:00,Group B,Series 6 2026,132927,Rune Eaters,138288,Basement Bobs,138288,0,3
1403831,cs-go,2026-03-29 12:28:53+00:00,Group D,Season 6 2026,129413,Eternal Fire,138146,Drama eSports,129413,1,1
1399002,cs-go,2026-03-29 12:39:29+00:00,Group Stage,Series #19 season 3 2026,136826,MINLATE,136539,ALGO Esports,136539,0,3
1403822,cs-go,2026-03-29 13:15:25+00:00,Group B,Season 6 2026,131561,Partizan Esport,136516,BASEMENT BOYS,136516,0,1
1413618,cs-go,2026-03-29 13:16:21+00:00,Group C,Season 7 2026,3249,BIG,126584,OG,126584,0,1
1413619,cs-go,2026-03-29 13:20:47+00:00,Group C,Season 7 2026,127014,Sinners,126994,JiJieHao,127014,1,1
1403828,cs-go,2026-03-29 13:24:32+00:00,Group C,Season 6 2026,131010,Sashi Esport,125774,HAVU,131010,1,1
1403817,cs-go,2026-03-29 13:32:17+00:00,Group A,Season 6 2026,129160,MOUZ NXT,132426,Lazer Cats,132426,0,1
1394953,cs-go,2026-03-29 13:52:06+00:00,Playoffs,Rotterdam Spring 2026,3455,Vitality,3216,Natus Vincere,3455,1,5
1419990,cs-go,2026-03-29 14:10:17+00:00,Playoffs,Europe Cup #3 2026,138026,Atreides,131985,EXSAD Gaming,138026,1,3
1406928,cs-go,2026-03-29 14:16:36+00:00,Group Stage,Series #20 season 3 2026,128629,megoshort,137449,OlyBet SB,128629,1,3
1403833,cs-go,2026-03-29 14:20:26+00:00,Group D,Season 6 2026,127976,Infinite,129413,Eternal Fire,129413,0,1
1411789,cs-go,2026-03-29 14:33:27+00:00,Playoffs,2026,125751,paiN,135468,ShindeN,125751,1,3
1421524,cs-go,2026-03-29 14:51:04+00:00,Main Stage,Season 24 2026,130733,KUUSAMO.gg,138291,Nova Legion,130733,1,3
1419988,cs-go,2026-03-29 14:56:35+00:00,Playoffs,Europe Cup #3 2026,134815,RUSTEC,138125,NIGEL MIRAGE,134815,1,3
1411790,cs-go,2026-03-29 15:46:29+00:00,Playoffs,2026,126709,9z,126377,Imperial,126709,1,3
1413621,cs-go,2026-03-29 15:50:31+00:00,Group D,Season 7 2026,3266,ESC Gaming,138389,cswalkers,3266,1,1
1403818,cs-go,2026-03-29 15:50:33+00:00,Group A,Season 6 2026,138303,Alpha Dominion Nation,134320,aimclub,134320,0,3
1399003,cs-go,2026-03-29 15:52:17+00:00,Group Stage,Series #19 season 3 2026,137861,STATE,137488,QWENTRY,137488,0,3
1421027,cs-go,2026-03-29 16:13:17+00:00,Playoffs,York 2026,137510,Voca,133907,BOSS,137510,1,3
1413623,cs-go,2026-03-29 16:58:44+00:00,Group D,Season 7 2026,137546,Acend,137210,CarritoSpain,137546,1,1
1413622,cs-go,2026-03-29 16:59:15+00:00,Group D,Season 7 2026,3210,G2,3266,ESC Gaming,3210,1,1
1403829,cs-go,2026-03-29 17:05:13+00:00,Group C,Season 6 2026,137589,Strael-Bora,137707,SINQU,137589,1,3
1419991,cs-go,2026-03-29 17:06:19+00:00,Playoffs,Europe Cup #3 2026,126232,m1x,130570,QUAZAR,130570,0,3
1413565,cs-go,2026-03-29 17:08:32+00:00,Group Stage,Season 2 2026,137141,Crashers,129800,MIBR Academy,129800,0,3
1403834,cs-go,2026-03-29 17:14:40+00:00,Group D,Season 6 2026,133988,HyperSpirit,138146,Drama eSports,138146,0,3
1406931,cs-go,2026-03-29 17:38:23+00:00,Group Stage,Series #20 season 3 2026,132927,Rune Eaters,137416,TNC,137416,0,3
1403823,cs-go,2026-03-29 17:45:58+00:00,Group B,Season 6 2026,136497,Inner Circle Esports,126699,Nexus,136497,1,3
1413624,cs-go,2026-03-29 17:46:20+00:00,Group D,Season 7 2026,3266,ESC Gaming,137210,CarritoSpain,3266,1,1
1404875,cs-go,2026-03-29 17:50:07+00:00,Group C,Closed Qualifier season 1 2026,133063,UNiTY esports,136516,BASEMENT BOYS,133063,1,3
1413625,cs-go,2026-03-29 18:17:39+00:00,Group D,Season 7 2026,137546,Acend,138389,cswalkers,137546,1,1
1403819,cs-go,2026-03-29 18:25:38+00:00,Group A,Season 6 2026,129160,MOUZ NXT,134320,aimclub,134320,0,3
1411792,cs-go,2026-03-29 18:28:31+00:00,Playoffs,2026,130566,Gaimin Gladiators,137421,DashSkins,130566,1,3
1419997,cs-go,2026-03-29 18:32:42+00:00,Playoffs,Europe Cup #3 2026,136610,AKA HERO KAJO,137360,yngods,137360,0,3
1418454,cs-go,2026-03-29 18:47:28+00:00,Playoffs,Contenders #3 2026,135474,Fire Flux Esports,128935,bankaPEPSI,128935,0,3
1421028,cs-go,2026-03-29 18:50:28+00:00,Playoffs,York 2026,136002,Fisher College,132366,LAG Gaming,136002,1,3
1419992,cs-go,2026-03-29 19:06:08+00:00,Playoffs,Europe Cup #3 2026,135321,G2 Ares,138089,zajezdzacze,135321,1,3
1399004,cs-go,2026-03-29 19:09:30+00:00,Group Stage,Series #19 season 3 2026,133269,Leo Team,134251,Rebels Gaming,134251,0,3
1406932,cs-go,2026-03-29 19:15:26+00:00,Group Stage,Series #20 season 3 2026,137440,ASTRAL,131389,ENCE Academy,137440,1,3
1413627,cs-go,2026-03-29 19:22:38+00:00,Group D,Season 7 2026,3266,ESC Gaming,137546,Acend,137546,0,1
1413626,cs-go,2026-03-29 19:29:52+00:00,Group D,Season 7 2026,3210,G2,138389,cswalkers,3210,1,1
1411791,cs-go,2026-03-29 19:31:03+00:00,Playoffs,2026,133708,Legacy,131253,ODDIK,133708,1,3
1403830,cs-go,2026-03-29 19:40:57+00:00,Group C,Season 6 2026,125774,HAVU,137589,Strael-Bora,125774,1,3
1413566,cs-go,2026-03-29 19:49:12+00:00,Group Stage,Season 2 2026,136029,Fake do Biru,137542,Charrados FC,136029,1,3
1419993,cs-go,2026-03-29 19:51:08+00:00,Playoffs,Europe Cup #3 2026,135981,Donstu Esports,130590,The Last Resort,130590,0,3
1419996,cs-go,2026-03-29 19:53:18+00:00,Playoffs,Europe Cup #3 2026,137703,ex-Zero Tenacity,137967,ReThink,137703,1,3
1403835,cs-go,2026-03-29 20:07:42+00:00,Group D,Season 6 2026,127976,Infinite,138146,Drama eSports,127976,1,3
1403824,cs-go,2026-03-29 20:08:33+00:00,Group B,Season 6 2026,131561,Partizan Esport,136497,Inner Circle Esports,136497,0,3
1413629,cs-go,2026-03-29 20:21:07+00:00,Group D,Season 7 2026,138389,cswalkers,137210,CarritoSpain,138389,1,1
1413628,cs-go,2026-03-29 20:47:02+00:00,Group D,Season 7 2026,3210,G2,137546,Acend,3210,1,1
1418470,cs-go,2026-03-29 21:31:44+00:00,Playoffs,European Finals season 56 2026,137659,TNT,137488,QWENTRY,137488,0,3
1404909,cs-go,2026-03-29 22:02:15+00:00,Group D,Closed Qualifier season 1 2026,133988,HyperSpirit,138183,DALUYONG,133988,1,3
1418455,cs-go,2026-03-29 22:03:21+00:00,Playoffs,Contenders #3 2026,138027,Benched gods,128935,bankaPEPSI,128935,0,3
1421029,cs-go,2026-03-29 22:35:31+00:00,Playoffs,York 2026,133907,BOSS,132366,LAG Gaming,133907,1,3
1411793,cs-go,2026-03-30 00:11:15+00:00,Playoffs,2026,125751,paiN,126709,9z,126709,0,3
1413568,cs-go,2026-03-30 00:54:26+00:00,Group Stage,Season 2 2026,3225,Keyd,138276,ALKA GAMING,3225,1,3
1411794,cs-go,2026-03-30 02:40:20+00:00,Playoffs,2026,133708,Legacy,130566,Gaimin Gladiators,133708,1,3
1421030,cs-go,2026-03-30 02:59:22+00:00,Playoffs,York 2026,137510,Voca,136002,Fisher College,137510,1,5
1424613,cs-go,2026-03-30 08:30:00+00:00,Group A,Pinnacle of Battle season 3 2026,135164,Change The Game,137353,Last Bullet,135164,1,3
1400834,cs-go,2026-03-30 09:31:29+00:00,Group C,Series 6 2026,137861,STATE,137449,OlyBet SB,137861,1,3
1406933,cs-go,2026-03-30 09:58:25+00:00,Group Stage,Series #20 season 3 2026,137932,ex-RUBY,137488,QWENTRY,137488,0,3
1413630,cs-go,2026-03-30 10:16:12+00:00,Playoffs,Season 7 2026,126584,OG,132800,BESTIA,132800,0,3
1389800,cs-go,2026-03-30 11:13:16+00:00,Playoffs,Season 6 2026,137511,illwill,134251,Rebels Gaming,137511,1,3
1424614,cs-go,2026-03-30 11:30:00+00:00,Group A,Pinnacle of Battle season 3 2026,126439,Lynn Vision,135164,Change The Game,126439,1,3
1413631,cs-go,2026-03-30 11:30:40+00:00,Playoffs,Season 7 2026,127014,Sinners,133458,BetBoom Team,133458,0,3
1421527,cs-go,2026-03-30 12:04:41+00:00,Main Stage,Season 24 2026,126624,Brute,130590,The Last Resort,126624,1,3
1403839,cs-go,2026-03-30 12:37:04+00:00,Playoffs,Season 6 2026,3213,Liquid,136497,Inner Circle Esports,3213,1,3
1406934,cs-go,2026-03-30 12:42:43+00:00,Group Stage,Series #20 season 3 2026,137584,Omega,136900,Ursa,136900,0,3
1403836,cs-go,2026-03-30 12:46:25+00:00,Playoffs,Season 6 2026,132426,Lazer Cats,133725,Alliance,133725,0,3
1403837,cs-go,2026-03-30 12:52:53+00:00,Playoffs,Season 6 2026,131441,Monte,125774,HAVU,131441,1,3
1413633,cs-go,2026-03-30 13:11:41+00:00,Playoffs,Season 7 2026,3210,G2,137992,Fluxo W7M,3210,1,3
1399005,cs-go,2026-03-30 13:54:46+00:00,Group Stage,Series #19 season 3 2026,136826,MINLATE,137416,TNC,136826,1,3
1403838,cs-go,2026-03-30 14:09:05+00:00,Playoffs,Season 6 2026,133686,Passion UA,129413,Eternal Fire,133686,1,3
1389803,cs-go,2026-03-30 14:27:02+00:00,Playoffs,Season 6 2026,137112,KOLESIE,128519,GenOne,137112,1,3
1420004,cs-go,2026-03-30 14:46:41+00:00,Playoffs,Europe Cup #3 2026,131389,ENCE Academy,138407,playersclub,131389,1,3
1420005,cs-go,2026-03-30 15:02:16+00:00,Playoffs,Europe Cup #3 2026,138370,Lavked,130570,QUAZAR,130570,0,3
1421528,cs-go,2026-03-30 15:04:11+00:00,Main Stage,Season 24 2026,137581,Young TigeRES,135978,eternal premium,135978,0,3
1420002,cs-go,2026-03-30 15:09:59+00:00,Playoffs,Europe Cup #3 2026,133063,UNiTY esports,132679,brazylijski luz,133063,1,3
1420001,cs-go,2026-03-30 15:16:35+00:00,Playoffs,Europe Cup #3 2026,132927,Rune Eaters,134815,RUSTEC,134815,0,3
1419999,cs-go,2026-03-30 15:18:02+00:00,Playoffs,Europe Cup #3 2026,134528,Pigeons,135669,8Sins,135669,0,3
1413569,cs-go,2026-03-30 15:41:45+00:00,Group Stage,Season 2 2026,136029,Fake do Biru,131161,Players,136029,1,3
1420000,cs-go,2026-03-30 15:43:00+00:00,Playoffs,Europe Cup #3 2026,137080,MANA eSports,137659,TNT,137080,1,3
1399006,cs-go,2026-03-30 15:44:31+00:00,Group Stage,Series #19 season 3 2026,137861,STATE,137701,Bebop,137861,1,3
1423173,cs-go,2026-03-30 15:56:02+00:00,Group A,Season 47 2026,137324,Imperial Academy,136786,LPH Gaming,137324,1,3
1403842,cs-go,2026-03-30 16:10:15+00:00,Playoffs,Season 6 2026,134320,aimclub,3212,FaZe,3212,0,3
1403840,cs-go,2026-03-30 16:11:57+00:00,Playoffs,Season 6 2026,131505,Aurora Gaming,127976,Infinite,131505,1,3
1413632,cs-go,2026-03-30 16:25:34+00:00,Playoffs,Season 7 2026,3246,Heroic,137546,Acend,137546,0,3
1372447,cs-go,2026-03-30 16:28:09+00:00,Regular Season,Season 12 2026,130733,KUUSAMO.gg,138129,BOJONG,138129,0,3
1389807,cs-go,2026-03-30 16:47:13+00:00,Playoffs,Season 6 2026,137289,Team Nemesis,137488,QWENTRY,137289,1,3
1421529,cs-go,2026-03-30 16:50:07+00:00,Main Stage,Season 24 2026,132459,ROUNDS,128766,Spirit Academy,128766,0,3
1385719,cs-go,2026-03-30 17:12:46+00:00,Group Stage,Season 5 2026,126694,BIG Academy,138178,Team LEISURE,126694,1,3
1403841,cs-go,2026-03-30 17:16:13+00:00,Playoffs,Season 6 2026,3217,fnatic,131010,Sashi Esport,131010,0,3
1403843,cs-go,2026-03-30 17:25:45+00:00,Playoffs,Season 6 2026,133435,M80,136516,BASEMENT BOYS,133435,1,3
1420008,cs-go,2026-03-30 18:14:47+00:00,Playoffs,Europe Cup #3 2026,131162,BIG EQUIPA,130590,The Last Resort,130590,0,3
1420012,cs-go,2026-03-30 18:32:40+00:00,Playoffs,Europe Cup #3 2026,136815,HEROIC Academy,126417,Lilmix,136815,1,3
1420009,cs-go,2026-03-30 18:37:57+00:00,Playoffs,Europe Cup #3 2026,137488,QWENTRY,132412,Grindas,137488,1,3
1399007,cs-go,2026-03-30 18:41:21+00:00,Group Stage,Series #19 season 3 2026,133269,Leo Team,128629,megoshort,133269,1,3
1411796,cs-go,2026-03-30 18:50:34+00:00,Playoffs,2026,125751,paiN,130566,Gaimin Gladiators,125751,1,3
1420010,cs-go,2026-03-30 19:11:51+00:00,Playoffs,Europe Cup #3 2026,138406,Just Players,138052,IDoPieca,138406,1,3
1389801,cs-go,2026-03-30 19:26:39+00:00,Playoffs,Season 6 2026,125071,Tricked,136817,AM Gaming,136817,0,3
1420013,cs-go,2026-03-30 19:29:22+00:00,Playoffs,Europe Cup #3 2026,137416,TNC,137360,yngods,137416,1,3
1413635,cs-go,2026-03-30 19:39:45+00:00,Playoffs,Season 7 2026,132800,BESTIA,137546,Acend,132800,1,3
1385720,cs-go,2026-03-30 19:44:30+00:00,Group Stage,Season 5 2026,135450,Regnum4Games,133571,Wave Esports,133571,0,3
1420006,cs-go,2026-03-30 19:45:13+00:00,Playoffs,Europe Cup #3 2026,137584,Omega,135321,G2 Ares,135321,0,3
1420007,cs-go,2026-03-30 19:48:14+00:00,Playoffs,Europe Cup #3 2026,137660,eLITenergy,137251, CSDIILIT,137660,1,3
1403854,cs-go,2026-03-30 19:57:58+00:00,Playoffs,Season 6 2026,132426,Lazer Cats,125774,HAVU,125774,0,3
1420011,cs-go,2026-03-30 20:01:08+00:00,Playoffs,Europe Cup #3 2026,136900,Ursa,137703,ex-Zero Tenacity,136900,1,3
1403852,cs-go,2026-03-30 20:06:08+00:00,Playoffs,Season 6 2026,127976,Infinite,3217,fnatic,3217,0,3
1403855,cs-go,2026-03-30 20:13:38+00:00,Playoffs,Season 6 2026,129413,Eternal Fire,134320,aimclub,129413,1,3
1406936,cs-go,2026-03-30 20:26:34+00:00,Group Stage,Series #20 season 3 2026,137861,STATE,137701,Bebop,137861,1,3
1424067,cs-go,2026-03-30 20:26:34+00:00,Group B,March 2026,130605,UNO MILLE,131849,paiN Academy,130605,1,3
1413634,cs-go,2026-03-30 20:29:53+00:00,Playoffs,Season 7 2026,133458,BetBoom Team,3210,G2,133458,1,3
1421530,cs-go,2026-03-30 21:03:12+00:00,Main Stage,Season 24 2026,137285,Hermine Esports Club,137580, Phantom Academy,137580,0,3
1403853,cs-go,2026-03-30 21:25:14+00:00,Playoffs,Season 6 2026,136497,Inner Circle Esports,136516,BASEMENT BOYS,136497,1,3
1418611,cs-go,2026-03-30 22:18:00+00:00,Group D,March 2026,129800,MIBR Academy,137966,Guara Esports,129800,1,3
1413637,cs-go,2026-03-30 23:41:38+00:00,Playoffs,Season 7 2026,132800,BESTIA,133458,BetBoom Team,133458,0,3
1413636,cs-go,2026-03-30 23:46:46+00:00,Playoffs,Season 7 2026,3210,G2,137546,Acend,3210,1,3
1411795,cs-go,2026-03-31 01:14:02+00:00,Playoffs,2026,126709,9z,133708,Legacy,126709,1,5
1413572,cs-go,2026-03-31 02:14:25+00:00,Group Stage,Season 2 2026,129800,MIBR Academy,130605,UNO MILLE,130605,0,3
1422174,cs-go,2026-03-31 03:47:24+00:00,Group Stage,Eagle Masters season 7 2026,138044,FarmVille,137275,mouse,138044,1,3
1422173,cs-go,2026-03-31 03:52:54+00:00,Group Stage,Eagle Masters season 7 2026,132891,Zomblers,138423,Clockwork,132891,1,3
1424594,cs-go,2026-03-31 07:18:20+00:00,Playoffs,Astana: Oceania Closed Qualifier 2026,125873,Ground Zero,138092,Abyssal,125873,1,3
1424606,cs-go,2026-03-31 09:04:30+00:00,Group B,Pinnacle of Battle season 3 2026,3248,TYLOO,136330,Just Swing,3248,1,3
1424596,cs-go,2026-03-31 09:44:25+00:00,Playoffs,Astana: Oceania Closed Qualifier 2026,138428,11mins,125873,Ground Zero,125873,0,3
1399008,cs-go,2026-03-31 09:48:33+00:00,Playoffs,Series #19 season 3 2026,137289,Team Nemesis,137861,STATE,137289,1,3
1389804,cs-go,2026-03-31 09:58:06+00:00,Playoffs,Season 6 2026,129856,ECSTATIC,137080,MANA eSports,129856,1,3
1400861,cs-go,2026-03-31 10:18:07+00:00,Group D,Series 6 2026,138236,Hashiras,137324,Imperial Academy,138236,1,3
1406937,cs-go,2026-03-31 10:21:24+00:00,Group Stage,Series #20 season 3 2026,137932,ex-RUBY,137701,Bebop,137932,1,3
1418612,cs-go,2026-03-31 10:23:59+00:00,Group A,Season 3 2026,129381,B8,126508,maquinas,129381,1,1
1424101,cs-go,2026-03-31 10:26:30+00:00,Playoffs,Astana: East Asia Closed Qualifier 2026,133900,The Huns Esports,137711,VTM Esports,133900,1,3
1418628,cs-go,2026-03-31 10:31:31+00:00,Group B,Season 3 2026,3318,3DMAX,133941,Sashi Academy,3318,1,1
1423177,cs-go,2026-03-31 10:36:34+00:00,Group B,Season 47 2026,135474,Fire Flux Esports,131591,XI Esport,135474,1,3
1418613,cs-go,2026-03-31 10:40:15+00:00,Group A,Season 3 2026,136560,Phantom,137950,WAZABI,136560,1,1
1418629,cs-go,2026-03-31 10:50:28+00:00,Group B,Season 3 2026,128394,AaB Esport,137508,Falcons Force,128394,1,1
1424607,cs-go,2026-03-31 11:34:55+00:00,Group B,Pinnacle of Battle season 3 2026,135162,Boring Players,130329,Rare Atom,130329,0,3
1424100,cs-go,2026-03-31 11:54:06+00:00,Playoffs,Astana: East Asia Closed Qualifier 2026,134264,Chinggis Warriors,138151,NEXVOID,138151,0,3
1418614,cs-go,2026-03-31 11:59:34+00:00,Group A,Season 3 2026,136817,AM Gaming,138405,Z7 Esports,136817,1,1
1418616,cs-go,2026-03-31 12:21:39+00:00,Group A,Season 3 2026,129381,B8,137950,WAZABI,137950,0,1
1418631,cs-go,2026-03-31 12:24:25+00:00,Group B,Season 3 2026,3318,3DMAX,137508,Falcons Force,3318,1,1
1389806,cs-go,2026-03-31 12:33:57+00:00,Playoffs,Season 6 2026,124522,Nemiga,136539,ALGO Esports,124522,1,3
1403845,cs-go,2026-03-31 12:44:24+00:00,Playoffs,Season 6 2026,3213,Liquid,133435,M80,133435,0,3
1403844,cs-go,2026-03-31 12:48:24+00:00,Playoffs,Season 6 2026,131505,Aurora Gaming,131010,Sashi Esport,131505,1,3
1403846,cs-go,2026-03-31 13:01:06+00:00,Playoffs,Season 6 2026,133725,Alliance,131441,Monte,131441,0,3
1403895,cs-go,2026-03-31 13:06:13+00:00,Playoffs,Astana: European Closed Qualifier 2026,137511,illwill,138370,Lavked,138370,0,3
1403894,cs-go,2026-03-31 13:12:37+00:00,Playoffs,Astana: European Closed Qualifier 2026,135298,K27,135497,WW Team,135298,1,3
1418618,cs-go,2026-03-31 13:30:41+00:00,Group A,Season 3 2026,136560,Phantom,136817,AM Gaming,136817,0,1
1418617,cs-go,2026-03-31 13:39:08+00:00,Group A,Season 3 2026,126508,maquinas,138405,Z7 Esports,138405,0,1
1399009,cs-go,2026-03-31 13:42:46+00:00,Playoffs,Series #19 season 3 2026,134188,Johnny Speeds,137488,QWENTRY,137488,0,3
1418632,cs-go,2026-03-31 13:49:41+00:00,Group B,Season 3 2026,133941,Sashi Academy,137508,Falcons Force,137508,0,1
1424608,cs-go,2026-03-31 13:58:27+00:00,Group B,Pinnacle of Battle season 3 2026,3248,TYLOO,130329,Rare Atom,3248,1,3
1400862,cs-go,2026-03-31 13:59:53+00:00,Group D,Series 6 2026,136826,MINLATE,136815,HEROIC Academy,136815,0,3
1424600,cs-go,2026-03-31 14:15:53+00:00,Playoffs,Astana: West Asia Closed Qualifier 2026,137344,Legion,135915,DEPO,137344,1,3
1423178,cs-go,2026-03-31 14:17:31+00:00,Group B,Season 47 2026,137967,ReThink,138101,Inner Circle Academy,138101,0,3
1424601,cs-go,2026-03-31 14:28:30+00:00,Playoffs,Astana: West Asia Closed Qualifier 2026,138283,Haunted House,138110,THE UNIT,138283,1,3
1403847,cs-go,2026-03-31 14:42:30+00:00,Playoffs,Season 6 2026,133686,Passion UA,3212,FaZe,133686,1,3
1418619,cs-go,2026-03-31 15:00:05+00:00,Group A,Season 3 2026,129381,B8,138405,Z7 Esports,129381,1,1
1418635,cs-go,2026-03-31 15:06:26+00:00,Group B,Season 3 2026,133941,Sashi Academy,128394,AaB Esport,128394,0,1
1424105,cs-go,2026-03-31 15:08:10+00:00,Playoffs,Astana: East Asia Closed Qualifier 2026,137711,VTM Esports,134264,Chinggis Warriors,134264,0,3
1418620,cs-go,2026-03-31 15:11:01+00:00,Group A,Season 3 2026,137950,WAZABI,136817,AM Gaming,136817,0,1
1418634,cs-go,2026-03-31 15:22:43+00:00,Group B,Season 3 2026,132800,BESTIA,3318,3DMAX,132800,1,1
1420063,cs-go,2026-03-31 15:27:18+00:00,Playoffs,Europe Cup #3 2026,137584,Omega,126232,m1x,126232,0,3
1424588,cs-go,2026-03-31 15:27:21+00:00,Main Stage,Season 24 2026,126624,Brute,128766,Spirit Academy,126624,1,3
1406939,cs-go,2026-03-31 15:31:59+00:00,Group Stage,Series #20 season 3 2026,128629,megoshort,136900,Ursa,136900,0,3
1389805,cs-go,2026-03-31 15:57:08+00:00,Playoffs,Season 6 2026,134188,Johnny Speeds,130590,The Last Resort,134188,1,3
1424603,cs-go,2026-03-31 16:02:18+00:00,Playoffs,Astana: West Asia Closed Qualifier 2026,135915,DEPO,138110,THE UNIT,135915,1,3
1372449,cs-go,2026-03-31 16:09:54+00:00,Regular Season,Season 12 2026,131389,ENCE Academy,138131,BoyBand,131389,1,3
1424102,cs-go,2026-03-31 16:10:08+00:00,Playoffs,Astana: East Asia Closed Qualifier 2026,133900,The Huns Esports,138151,NEXVOID,138151,0,3
1413573,cs-go,2026-03-31 16:19:01+00:00,Group Stage,Season 2 2026,136596,MAGICOS,135743,BESTIA Academy,135743,0,3
1418636,cs-go,2026-03-31 16:27:10+00:00,Group B,Season 3 2026,132800,BESTIA,133941,Sashi Academy,132800,1,1
1418622,cs-go,2026-03-31 16:37:40+00:00,Group A,Season 3 2026,129381,B8,136817,AM Gaming,129381,1,1
1418621,cs-go,2026-03-31 16:40:21+00:00,Group A,Season 3 2026,126508,maquinas,136560,Phantom,136560,0,1
1404068,cs-go,2026-03-31 16:47:46+00:00,Playoffs,Astana: South American Closed Qualifier 2026,137421,DashSkins,3225,Keyd,3225,0,3
1403896,cs-go,2026-03-31 16:58:49+00:00,Playoffs,Astana: European Closed Qualifier 2026,126452,100 Thieves,137739,magic,137739,0,3
1399010,cs-go,2026-03-31 17:12:27+00:00,Playoffs,Series #19 season 3 2026,137708,BET-M 33,134251,Rebels Gaming,134251,0,3
1403857,cs-go,2026-03-31 17:14:45+00:00,Playoffs,Season 6 2026,136497,Inner Circle Esports,133725,Alliance,133725,0,3
1403858,cs-go,2026-03-31 17:19:52+00:00,Playoffs,Season 6 2026,125774,HAVU,3213,Liquid,3213,0,3
1403859,cs-go,2026-03-31 17:32:47+00:00,Playoffs,Season 6 2026,129413,Eternal Fire,131010,Sashi Esport,131010,0,3
1424602,cs-go,2026-03-31 17:44:02+00:00,Playoffs,Astana: West Asia Closed Qualifier 2026,137344,Legion,138283,Haunted House,138283,0,3
1424589,cs-go,2026-03-31 17:45:48+00:00,Main Stage,Season 24 2026,135978,eternal premium,137580, Phantom Academy,137580,0,3
1403856,cs-go,2026-03-31 17:47:48+00:00,Playoffs,Season 6 2026,3217,fnatic,3212,FaZe,3217,1,3
1418624,cs-go,2026-03-31 17:58:20+00:00,Group A,Season 3 2026,137950,WAZABI,126508,maquinas,137950,1,1
1418623,cs-go,2026-03-31 18:05:59+00:00,Group A,Season 3 2026,138405,Z7 Esports,136560,Phantom,136560,0,1
1418638,cs-go,2026-03-31 18:20:58+00:00,Group B,Season 3 2026,132800,BESTIA,137508,Falcons Force,132800,1,1
1420064,cs-go,2026-03-31 18:38:04+00:00,Playoffs,Europe Cup #3 2026,138370,Lavked,138089,zajezdzacze,138370,1,3
1418639,cs-go,2026-03-31 18:49:55+00:00,Group B,Season 3 2026,3318,3DMAX,128394,AaB Esport,3318,1,1
1420065,cs-go,2026-03-31 18:51:51+00:00,Playoffs,Europe Cup #3 2026,137449,OlyBet SB,135981,Donstu Esports,135981,0,3
1413574,cs-go,2026-03-31 18:53:07+00:00,Group Stage,Season 2 2026,137143,R2 Esports Club,131849,paiN Academy,131849,0,3
1399011,cs-go,2026-03-31 19:04:28+00:00,Playoffs,Series #19 season 3 2026,129856,ECSTATIC,136826,MINLATE,129856,1,3
1404069,cs-go,2026-03-31 19:10:26+00:00,Playoffs,Astana: South American Closed Qualifier 2026,131253,ODDIK,129800,MIBR Academy,131253,1,3
1403897,cs-go,2026-03-31 19:11:23+00:00,Playoffs,Astana: European Closed Qualifier 2026,130569,HOTU,138424,ACROBATS,138424,0,3
1420068,cs-go,2026-03-31 19:29:19+00:00,Playoffs,Europe Cup #3 2026,137659,TNT,137967,ReThink,137659,1,3
1372450,cs-go,2026-03-31 19:32:57+00:00,Regular Season,Season 12 2026,138130,Nordic Valor,132459,ROUNDS,132459,0,3
1418625,cs-go,2026-03-31 19:38:04+00:00,Group A,Season 3 2026,129381,B8,136560,Phantom,129381,1,1
1418627,cs-go,2026-03-31 19:59:16+00:00,Group A,Season 3 2026,138405,Z7 Esports,137950,WAZABI,137950,0,1
1418640,cs-go,2026-03-31 20:15:17+00:00,Group B,Season 3 2026,132800,BESTIA,128394,AaB Esport,128394,0,1
1424590,cs-go,2026-03-31 20:25:37+00:00,Main Stage,Season 24 2026,127976,Infinite,132795,INFURITY Gaming,127976,1,3
1389802,cs-go,2026-03-31 20:39:43+00:00,Playoffs,Season 6 2026,135673,Nuclear TigeRES,137932,ex-RUBY,135673,1,3
1403861,cs-go,2026-03-31 20:41:41+00:00,Playoffs,Season 6 2026,3213,Liquid,131010,Sashi Esport,131010,0,3
1403849,cs-go,2026-03-31 20:53:12+00:00,Playoffs,Season 6 2026,131441,Monte,133686,Passion UA,131441,1,3
1425487,cs-go,2026-03-31 21:13:49+00:00,Playoffs,March 2026,135505,RED Canids Academy,135743,BESTIA Academy,135505,1,3
1403848,cs-go,2026-03-31 21:16:46+00:00,Playoffs,Season 6 2026,133435,M80,131505,Aurora Gaming,133435,1,3
1403860,cs-go,2026-03-31 21:24:18+00:00,Playoffs,Season 6 2026,133725,Alliance,3217,fnatic,133725,1,3
1404070,cs-go,2026-03-31 21:34:50+00:00,Playoffs,Astana: South American Closed Qualifier 2026,136029,Fake do Biru,135580,Game Hunters,136029,1,3
1413575,cs-go,2026-03-31 22:45:20+00:00,Group Stage,Season 2 2026,137141,Crashers,137542,Charrados FC,137141,1,3
1425488,cs-go,2026-03-31 23:15:40+00:00,Playoffs,March 2026,131848,largadosypelados,130605,UNO MILLE,131848,1,3
1425490,cs-go,2026-03-31 23:40:48+00:00,Playoffs,March 2026,138086,METANOIA WOLVES,129800,MIBR Academy,129800,0,3
1404071,cs-go,2026-04-01 00:35:47+00:00,Playoffs,Astana: South American Closed Qualifier 2026,126709,9z,135505,RED Canids Academy,126709,1,3
1413576,cs-go,2026-04-01 00:39:49+00:00,Group Stage,Season 2 2026,3225,Keyd,137320,Vasco Esports,3225,1,3
1404165,cs-go,2026-04-01 00:48:53+00:00,Playoffs,Astana: North American Closed Qualifier 2026,132891,Zomblers,136002,Fisher College,136002,0,3
1404164,cs-go,2026-04-01 00:59:00+00:00,Playoffs,Astana: North American Closed Qualifier 2026,138044,FarmVille,133997,regain,138044,1,3
1422176,cs-go,2026-04-01 01:14:02+00:00,Group Stage,Eagle Masters season 7 2026,133907,BOSS,133538,Akimbo Esports,133538,0,3
1422180,cs-go,2026-04-01 02:51:53+00:00,Group Stage,Eagle Masters season 7 2026,130401,InControl,135230,Team Aether,135230,0,3
1422179,cs-go,2026-04-01 03:14:56+00:00,Group Stage,Eagle Masters season 7 2026,133997,regain,138422,girl kissers,133997,1,3
1404167,cs-go,2026-04-01 03:50:05+00:00,Playoffs,Astana: North American Closed Qualifier 2026,132366,LAG Gaming,138425,BA 2,132366,1,3
1423192,cs-go,2026-04-01 05:11:59+00:00,Playoffs,Season 2 2026,134746,FlyQuest,136321,Unsettled Resentment,134746,1,3
1404166,cs-go,2026-04-01 05:15:35+00:00,Playoffs,Astana: North American Closed Qualifier 2026,137148,Outfit 49,133907,BOSS,133907,0,3
1423193,cs-go,2026-04-01 06:28:06+00:00,Playoffs,Season 2 2026,130329,Rare Atom,134264,Chinggis Warriors,134264,0,3
1424598,cs-go,2026-04-01 06:44:36+00:00,Playoffs,Astana: Oceania Closed Qualifier 2026,138092,Abyssal,138428,11mins,138092,1,3
1423194,cs-go,2026-04-01 08:28:57+00:00,Playoffs,Season 2 2026,3248,TYLOO,135428,SemperFi Esports,135428,0,3
1419470,cs-go,2026-04-01 09:20:05+00:00,Playoffs,Season 3 2026,129381,B8,137508,Falcons Force,129381,1,3
1423195,cs-go,2026-04-01 09:33:22+00:00,Playoffs,Season 2 2026,133900,The Huns Esports,137121,TEAM XDM,133900,1,3
1424615,cs-go,2026-04-01 09:45:38+00:00,Group A,Pinnacle of Battle season 3 2026,138241,Chaos Gaming,137353,Last Bullet,137353,0,3
1406941,cs-go,2026-04-01 09:47:56+00:00,Group Stage,Series #20 season 3 2026,129440,Metizport,131389,ENCE Academy,129440,1,3
1399012,cs-go,2026-04-01 10:01:24+00:00,Playoffs,Series #19 season 3 2026,137932,ex-RUBY,138370,Lavked,138370,0,3
1389809,cs-go,2026-04-01 10:02:15+00:00,Playoffs,Season 6 2026,137112,KOLESIE,135673,Nuclear TigeRES,135673,0,3
1419471,cs-go,2026-04-01 10:05:14+00:00,Playoffs,Season 3 2026,3318,3DMAX,137950,WAZABI,3318,1,3
1419473,cs-go,2026-04-01 10:06:41+00:00,Playoffs,Season 3 2026,132800,BESTIA,136560,Phantom,132800,1,3
1423182,cs-go,2026-04-01 10:35:21+00:00,Group C,Season 47 2026,130733,KUUSAMO.gg,128327,Young Ninjas,128327,0,3
1424599,cs-go,2026-04-01 10:52:07+00:00,Playoffs,Astana: Oceania Closed Qualifier 2026,125873,Ground Zero,138092,Abyssal,125873,1,3
1403898,cs-go,2026-04-01 11:06:27+00:00,Playoffs,Astana: European Closed Qualifier 2026,135497,WW Team,137511,illwill,135497,1,3
1419472,cs-go,2026-04-01 11:15:35+00:00,Playoffs,Season 3 2026,136817,AM Gaming,128394,AaB Esport,128394,0,3
1424104,cs-go,2026-04-01 11:48:11+00:00,Playoffs,Astana: East Asia Closed Qualifier 2026,134264,Chinggis Warriors,133900,The Huns Esports,133900,0,3
1413385,cs-go,2026-04-01 11:51:24+00:00,Playoffs,Episode 1 2026,3210,G2,137289,Team Nemesis,3210,1,3
1423183,cs-go,2026-04-01 12:12:44+00:00,Group C,Season 47 2026,132795,INFURITY Gaming,126624,Brute,126624,0,3
1424604,cs-go,2026-04-01 12:36:04+00:00,Playoffs,Astana: West Asia Closed Qualifier 2026,137344,Legion,135915,DEPO,135915,0,3
1399013,cs-go,2026-04-01 12:53:19+00:00,Playoffs,Series #19 season 3 2026,128519,GenOne,136900,Ursa,136900,0,3
1424609,cs-go,2026-04-01 13:30:02+00:00,Group B,Pinnacle of Battle season 3 2026,136330,Just Swing,135162,Boring Players,136330,1,3
1419474,cs-go,2026-04-01 13:32:18+00:00,Playoffs,Season 3 2026,137508,Falcons Force,137950,WAZABI,137508,1,3
1419477,cs-go,2026-04-01 13:37:01+00:00,Playoffs,Season 3 2026,132800,BESTIA,128394,AaB Esport,132800,1,3
1389810,cs-go,2026-04-01 13:40:40+00:00,Playoffs,Season 6 2026,129856,ECSTATIC,134188,Johnny Speeds,134188,0,3
1406942,cs-go,2026-04-01 13:56:55+00:00,Group Stage,Series #20 season 3 2026,137861,STATE,137488,QWENTRY,137861,1,3
1420053,cs-go,2026-04-01 14:23:23+00:00,Playoffs,Europe Cup #3 2026,132412,Grindas,131162,BIG EQUIPA,132412,1,3
1420058,cs-go,2026-04-01 14:28:35+00:00,Playoffs,Europe Cup #3 2026,134528,Pigeons,136610,AKA HERO KAJO,134528,1,3
1403899,cs-go,2026-04-01 14:36:03+00:00,Playoffs,Astana: European Closed Qualifier 2026,126452,100 Thieves,130569,HOTU,126452,1,3
1424591,cs-go,2026-04-01 14:40:51+00:00,Main Stage,Season 24 2026,130733,KUUSAMO.gg,138055,ex-PeeP,138055,0,3
1419475,cs-go,2026-04-01 14:48:30+00:00,Playoffs,Season 3 2026,136560,Phantom,136817,AM Gaming,136560,1,3
1421549,cs-go,2026-04-01 14:50:42+00:00,Group A,São Paulo 2026,125751,paiN,138276,ALKA GAMING,125751,1,3
1413386,cs-go,2026-04-01 14:59:46+00:00,Playoffs,Episode 1 2026,3246,Heroic,133458,BetBoom Team,133458,0,3
1420057,cs-go,2026-04-01 15:00:59+00:00,Playoffs,Europe Cup #3 2026,132927,Rune Eaters,137659,TNT,137659,0,3
1424605,cs-go,2026-04-01 15:02:06+00:00,Playoffs,Astana: West Asia Closed Qualifier 2026,138283,Haunted House,135915,DEPO,135915,0,3
1403863,cs-go,2026-04-01 15:08:51+00:00,Playoffs,Season 6 2026,131010,Sashi Esport,133686,Passion UA,133686,0,3
1420051,cs-go,2026-04-01 15:16:05+00:00,Playoffs,Europe Cup #3 2026,137360,yngods,126417,Lilmix,137360,1,3
1420056,cs-go,2026-04-01 15:30:40+00:00,Playoffs,Europe Cup #3 2026,132679,brazylijski luz,135981,Donstu Esports,135981,0,3
1424103,cs-go,2026-04-01 15:33:51+00:00,Playoffs,Astana: East Asia Closed Qualifier 2026,138151,NEXVOID,133900,The Huns Esports,133900,0,3
1413577,cs-go,2026-04-01 15:38:02+00:00,Group Stage,Season 2 2026,3225,Keyd,131849,paiN Academy,3225,1,3
1421550,cs-go,2026-04-01 15:54:07+00:00,Group A,São Paulo 2026,136318,Marsborne,134355,Galorys,134355,0,3
1389808,cs-go,2026-04-01 15:54:24+00:00,Playoffs,Season 6 2026,137511,illwill,136817,AM Gaming,137511,1,3
1403862,cs-go,2026-04-01 15:54:44+00:00,Playoffs,Season 6 2026,131505,Aurora Gaming,133725,Alliance,133725,0,3
1420054,cs-go,2026-04-01 16:20:19+00:00,Playoffs,Europe Cup #3 2026,137251, CSDIILIT,126232,m1x,137251,1,3
1406943,cs-go,2026-04-01 16:21:34+00:00,Group Stage,Series #20 season 3 2026,137440,ASTRAL,134815,RUSTEC,134815,0,3
1404072,cs-go,2026-04-01 16:31:11+00:00,Playoffs,Astana: South American Closed Qualifier 2026,131848,largadosypelados,129800,MIBR Academy,131848,1,3
1403902,cs-go,2026-04-01 16:50:34+00:00,Playoffs,Astana: European Closed Qualifier 2026,135298,K27,138370,Lavked,135298,1,3
1419476,cs-go,2026-04-01 16:58:36+00:00,Playoffs,Season 3 2026,129381,B8,3318,3DMAX,3318,0,3
1424592,cs-go,2026-04-01 17:07:12+00:00,Main Stage,Season 24 2026,137581,Young TigeRES,132459,ROUNDS,137581,1,3
1413387,cs-go,2026-04-01 17:13:31+00:00,Playoffs,Episode 1 2026,125847,GamerLegion,126408,9INE,125847,1,3
1399014,cs-go,2026-04-01 17:37:59+00:00,Playoffs,Series #19 season 3 2026,126584,OG,136539,ALGO Esports,136539,0,3
1421552,cs-go,2026-04-01 18:36:58+00:00,Group A,São Paulo 2026,138276,ALKA GAMING,136318,Marsborne,136318,0,3
1420016,cs-go,2026-04-01 18:37:30+00:00,Playoffs,Europe Cup #3 2026,138026,Atreides,133063,UNiTY esports,133063,0,3
1420014,cs-go,2026-04-01 18:45:17+00:00,Playoffs,Europe Cup #3 2026,134188,Johnny Speeds,135669,8Sins,134188,1,3
1403850,cs-go,2026-04-01 18:45:40+00:00,Playoffs,Season 6 2026,133435,M80,131441,Monte,131441,0,3
1404082,cs-go,2026-04-01 18:51:20+00:00,Playoffs,Astana: South American Closed Qualifier 2026,135580,Game Hunters,135505,RED Canids Academy,135580,1,3
1420018,cs-go,2026-04-01 18:53:18+00:00,Playoffs,Europe Cup #3 2026,135321,G2 Ares,137660,eLITenergy,137660,0,3
1403864,cs-go,2026-04-01 18:57:02+00:00,Playoffs,Season 6 2026,133686,Passion UA,133725,Alliance,133725,0,3
1385714,cs-go,2026-04-01 19:23:13+00:00,Group Stage,Season 5 2026,138180,FROX,133571,Wave Esports,133571,0,3
1420015,cs-go,2026-04-01 19:24:17+00:00,Playoffs,Europe Cup #3 2026,134815,RUSTEC,137080,MANA eSports,137080,0,3
1403903,cs-go,2026-04-01 19:33:59+00:00,Playoffs,Astana: European Closed Qualifier 2026,137739,magic,138424,ACROBATS,137739,1,3
1420019,cs-go,2026-04-01 19:42:35+00:00,Playoffs,Europe Cup #3 2026,130590,The Last Resort,137488,QWENTRY,137488,0,3
1420020,cs-go,2026-04-01 19:42:45+00:00,Playoffs,Europe Cup #3 2026,138406,Just Players,136900,Ursa,138406,1,3
1389811,cs-go,2026-04-01 19:46:31+00:00,Playoffs,Season 6 2026,124522,Nemiga,137289,Team Nemesis,137289,0,3
1421551,cs-go,2026-04-01 19:47:53+00:00,Group A,São Paulo 2026,125751,paiN,134355,Galorys,125751,1,3
1420021,cs-go,2026-04-01 20:03:28+00:00,Playoffs,Europe Cup #3 2026,136815,HEROIC Academy,137416,TNC,137416,0,3
1420017,cs-go,2026-04-01 20:18:57+00:00,Playoffs,Europe Cup #3 2026,131389,ENCE Academy,130570,QUAZAR,131389,1,3
1399015,cs-go,2026-04-01 20:24:50+00:00,Playoffs,Series #19 season 3 2026,3266,ESC Gaming,133269,Leo Team,3266,1,3
1385730,cs-go,2026-04-01 20:29:19+00:00,Group Stage,Season 5 2026,129380,Playing Ducks,138181,Esport BERG,138181,0,3
1413388,cs-go,2026-04-01 20:31:02+00:00,Playoffs,Episode 1 2026,137296,Gentle Mates,3218,NIP,3218,0,3
1419478,cs-go,2026-04-01 20:40:36+00:00,Playoffs,Season 3 2026,137508,Falcons Force,128394,AaB Esport,137508,1,3
1419479,cs-go,2026-04-01 20:55:46+00:00,Playoffs,Season 3 2026,129381,B8,136560,Phantom,129381,1,3
1413579,cs-go,2026-04-01 22:20:22+00:00,Group Stage,Season 2 2026,137143,R2 Esports Club,137320,Vasco Esports,137320,0,3
1421554,cs-go,2026-04-01 22:26:05+00:00,Group B,São Paulo 2026,126227,RED Canids,138086,METANOIA WOLVES,126227,1,3
1404094,cs-go,2026-04-01 22:47:02+00:00,Playoffs,Astana: South American Closed Qualifier 2026,3225,Keyd,131253,ODDIK,131253,0,3
1421555,cs-go,2026-04-02 00:17:52+00:00,Group B,São Paulo 2026,137992,Fluxo W7M,131848,largadosypelados,137992,1,3
1404100,cs-go,2026-04-02 00:31:12+00:00,Playoffs,Astana: South American Closed Qualifier 2026,136029,Fake do Biru,126709,9z,126709,0,3
1413580,cs-go,2026-04-02 00:35:52+00:00,Group Stage,Season 2 2026,137542,Charrados FC,138276,ALKA GAMING,138276,0,3
1413581,cs-go,2026-04-02 00:39:27+00:00,Group Stage,Season 2 2026,129800,MIBR Academy,135743,BESTIA Academy,129800,1,3
1404168,cs-go,2026-04-02 00:52:38+00:00,Playoffs,Astana: North American Closed Qualifier 2026,132891,Zomblers,133997,regain,133997,0,3
1404169,cs-go,2026-04-02 01:04:01+00:00,Playoffs,Astana: North American Closed Qualifier 2026,138425,BA 2,137148,Outfit 49,138425,1,3
1422175,cs-go,2026-04-02 02:06:30+00:00,Group Stage,Eagle Masters season 7 2026,132366,LAG Gaming,138421,EMPIRE,138421,0,3
1421557,cs-go,2026-04-02 02:34:42+00:00,Group B,São Paulo 2026,138086,METANOIA WOLVES,131848,largadosypelados,131848,0,3
1421556,cs-go,2026-04-02 02:48:01+00:00,Group B,São Paulo 2026,126227,RED Canids,137992,Fluxo W7M,126227,1,3
1422178,cs-go,2026-04-02 03:36:54+00:00,Group Stage,Eagle Masters season 7 2026,138440,insane players,137350,Reign Above,138440,1,3
1404170,cs-go,2026-04-02 03:45:40+00:00,Playoffs,Astana: North American Closed Qualifier 2026,136002,Fisher College,138044,FarmVille,138044,0,3
1404171,cs-go,2026-04-02 03:46:35+00:00,Playoffs,Astana: North American Closed Qualifier 2026,132366,LAG Gaming,133907,BOSS,132366,1,3
1422177,cs-go,2026-04-02 03:48:47+00:00,Group Stage,Eagle Masters season 7 2026,137148,Outfit 49,138378,CHICANERY,138378,0,3
1423196,cs-go,2026-04-02 05:07:06+00:00,Playoffs,Season 2 2026,134746,FlyQuest,135428,SemperFi Esports,134746,1,3
1423197,cs-go,2026-04-02 06:05:20+00:00,Playoffs,Season 2 2026,134264,Chinggis Warriors,133900,The Huns Esports,134264,1,3
1427078,cs-go,2026-04-02 06:36:53+00:00,Playoffs,Astana: Asia Closed Qualifier 2026,125873,Ground Zero,135915,DEPO,135915,0,3
1423145,cs-go,2026-04-02 07:57:55+00:00,Group A,Season 4 2026,126944,1WIN,137356,JUMBO TEAM,126944,1,3
1423199,cs-go,2026-04-02 09:02:19+00:00,Playoffs,Season 2 2026,130329,Rare Atom,137121,TEAM XDM,130329,1,3
1389813,cs-go,2026-04-02 09:11:39+00:00,Playoffs,Season 6 2026,134188,Johnny Speeds,137289,Team Nemesis,134188,1,3
1399017,cs-go,2026-04-02 10:00:38+00:00,Playoffs,Series #19 season 3 2026,137488,QWENTRY,136539,ALGO Esports,136539,0,3
1419480,cs-go,2026-04-02 10:26:43+00:00,Playoffs,Season 3 2026,137508,Falcons Force,129381,B8,129381,0,3
1423146,cs-go,2026-04-02 10:27:11+00:00,Group A,Season 4 2026,135298,K27,126944,1WIN,135298,1,3
1403901,cs-go,2026-04-02 10:29:16+00:00,Playoffs,Astana: European Closed Qualifier 2026,126452,100 Thieves,138370,Lavked,126452,1,3
1400832,cs-go,2026-04-02 10:38:31+00:00,Group B,Series 6 2026,126417,Lilmix,132927,Rune Eaters,132927,0,3
1423187,cs-go,2026-04-02 10:47:26+00:00,Group D,Season 47 2026,137075,Misa Esports,136846,Prestige,137075,1,3
1424616,cs-go,2026-04-02 11:00:08+00:00,Group A,Pinnacle of Battle season 3 2026,135164,Change The Game,137353,Last Bullet,135164,1,3
1427593,cs-go,2026-04-02 11:07:43+00:00,Playoffs,Astana: Asia Closed Qualifier 2026,133900,The Huns Esports,135915,DEPO,133900,1,5
1427572,cs-go,2026-04-02 11:08:10+00:00,Main Stage,Season 24 2026,128766,Spirit Academy,132795,INFURITY Gaming,128766,1,3
1413389,cs-go,2026-04-02 11:31:10+00:00,Playoffs,Episode 1 2026,137289,Team Nemesis,3246,Heroic,3246,0,3
1423148,cs-go,2026-04-02 12:52:50+00:00,Group A,Season 4 2026,137356,JUMBO TEAM,126944,1WIN,126944,0,3
1423198,cs-go,2026-04-02 12:58:29+00:00,Playoffs,Season 2 2026,136321,Unsettled Resentment,3248,TYLOO,3248,0,3
1400825,cs-go,2026-04-02 13:09:00+00:00,Group A,Series 6 2026,128629,megoshort,136900,Ursa,136900,0,3
1424610,cs-go,2026-04-02 13:25:00+00:00,Group B,Pinnacle of Battle season 3 2026,130329,Rare Atom,136330,Just Swing,130329,1,3
1419481,cs-go,2026-04-02 13:32:00+00:00,Playoffs,Season 3 2026,132800,BESTIA,3318,3DMAX,132800,1,3
1399016,cs-go,2026-04-02 13:51:23+00:00,Playoffs,Series #19 season 3 2026,3266,ESC Gaming,138370,Lavked,3266,1,3
1423188,cs-go,2026-04-02 13:51:54+00:00,Group D,Season 47 2026,128394,AaB Esport,127976,Infinite,127976,0,3
1389812,cs-go,2026-04-02 14:04:58+00:00,Playoffs,Season 6 2026,137511,illwill,135673,Nuclear TigeRES,137511,1,3
1403900,cs-go,2026-04-02 14:15:35+00:00,Playoffs,Astana: European Closed Qualifier 2026,135497,WW Team,138424,ACROBATS,138424,0,3
1413390,cs-go,2026-04-02 14:48:00+00:00,Playoffs,Episode 1 2026,126408,9INE,137296,Gentle Mates,126408,1,3
1421559,cs-go,2026-04-02 15:33:36+00:00,Group C,São Paulo 2026,126377,Imperial,137141,Crashers,126377,1,3
1421560,cs-go,2026-04-02 15:50:39+00:00,Group C,São Paulo 2026,135468,ShindeN,133326,Bounty Hunters Esports,133326,0,3
1403865,cs-go,2026-04-02 15:51:17+00:00,Playoffs,Season 6 2026,133435,M80,133725,Alliance,133435,1,3
1421656,cs-go,2026-04-02 15:52:13+00:00,Playoffs,Asia-Pacific Cup #3 2026,134264,Chinggis Warriors,138284,5star,134264,1,3
1423149,cs-go,2026-04-02 15:54:22+00:00,Group D,Season 4 2026,136659,SPARTA,137500,CYBERSHOKE Prospects,136659,1,3
1421653,cs-go,2026-04-02 16:12:40+00:00,Playoffs,Asia-Pacific Cup #3 2026,135162,Boring Players,138152,BMZ,138152,0,3
1403904,cs-go,2026-04-02 16:25:47+00:00,Playoffs,Astana: European Closed Qualifier 2026,135298,K27,137739,magic,137739,0,3
1419494,cs-go,2026-04-02 16:30:39+00:00,Playoffs,Season 3 2026,129381,B8,3318,3DMAX,129381,1,3
1400831,cs-go,2026-04-02 16:38:47+00:00,Group B,Series 6 2026,128394,AaB Esport,138288,Basement Bobs,128394,1,3
1423150,cs-go,2026-04-02 16:49:32+00:00,Group D,Season 4 2026,137948,TDK,135978,eternal premium,137948,1,3
1399018,cs-go,2026-04-02 16:59:31+00:00,Playoffs,Series #19 season 3 2026,129856,ECSTATIC,136900,Ursa,129856,1,3
1406947,cs-go,2026-04-02 17:18:50+00:00,Group Stage,Series #20 season 3 2026,137440,ASTRAL,128629,megoshort,137440,1,3
1413393,cs-go,2026-04-02 17:28:02+00:00,Playoffs,Episode 1 2026,3210,G2,133458,BetBoom Team,3210,1,3
1389814,cs-go,2026-04-02 18:09:27+00:00,Playoffs,Season 6 2026,134188,Johnny Speeds,137511,illwill,134188,1,3
1421562,cs-go,2026-04-02 18:15:30+00:00,Group C,São Paulo 2026,137141,Crashers,135468,ShindeN,135468,0,3
1420050,cs-go,2026-04-02 18:20:27+00:00,Playoffs,Europe Cup #3 2026,134528,Pigeons,136815,HEROIC Academy,136815,0,3
1413583,cs-go,2026-04-02 18:28:17+00:00,Group Stage,Season 2 2026,135743,BESTIA Academy,138276,ALKA GAMING,138276,0,3
1420044,cs-go,2026-04-02 18:49:18+00:00,Playoffs,Europe Cup #3 2026,137703,ex-Zero Tenacity,134815,RUSTEC,134815,0,3
1420048,cs-go,2026-04-02 18:58:47+00:00,Playoffs,Europe Cup #3 2026,135981,Donstu Esports,130590,The Last Resort,135981,1,3
1420043,cs-go,2026-04-02 19:01:58+00:00,Playoffs,Europe Cup #3 2026,137360,yngods,135669,8Sins,137360,1,3
1406948,cs-go,2026-04-02 19:12:35+00:00,Group Stage,Series #20 season 3 2026,129440,Metizport,137488,QWENTRY,137488,0,3
1421561,cs-go,2026-04-02 19:23:12+00:00,Group C,São Paulo 2026,126377,Imperial,133326,Bounty Hunters Esports,133326,0,3
1420047,cs-go,2026-04-02 19:30:04+00:00,Playoffs,Europe Cup #3 2026,138370,Lavked,135321,G2 Ares,135321,0,3
1404153,cs-go,2026-04-02 19:50:04+00:00,Playoffs,Astana: South American Closed Qualifier 2026,126709,9z,131253,ODDIK,126709,1,3
1423152,cs-go,2026-04-02 19:52:34+00:00,Group D,Season 4 2026,137500,CYBERSHOKE Prospects,135978,eternal premium,137500,1,3
1403905,cs-go,2026-04-02 19:54:48+00:00,Playoffs,Astana: European Closed Qualifier 2026,126452,100 Thieves,138424,ACROBATS,126452,1,3
1420046,cs-go,2026-04-02 19:57:33+00:00,Playoffs,Europe Cup #3 2026,137251, CSDIILIT,130570,QUAZAR,130570,0,3
1404106,cs-go,2026-04-02 19:58:52+00:00,Playoffs,Astana: South American Closed Qualifier 2026,136029,Fake do Biru,131848,largadosypelados,136029,1,3
1403851,cs-go,2026-04-02 20:03:21+00:00,Playoffs,Season 6 2026,131441,Monte,133435,M80,133435,0,3
1419504,cs-go,2026-04-02 20:08:12+00:00,Playoffs,Season 3 2026,132800,BESTIA,129381,B8,129381,0,3
1420049,cs-go,2026-04-02 20:29:17+00:00,Playoffs,Europe Cup #3 2026,137659,TNT,136900,Ursa,137659,1,3
1399019,cs-go,2026-04-02 20:35:18+00:00,Playoffs,Series #19 season 3 2026,137289,Team Nemesis,134251,Rebels Gaming,137289,1,3
1413394,cs-go,2026-04-02 20:42:26+00:00,Playoffs,Episode 1 2026,125847,GamerLegion,3218,NIP,125847,1,3
1423151,cs-go,2026-04-02 21:02:24+00:00,Group D,Season 4 2026,136659,SPARTA,137948,TDK,137948,0,3
1427574,cs-go,2026-04-02 21:04:11+00:00,Main Stage,Season 24 2026,137581,Young TigeRES,137285,Hermine Esports Club,137581,1,3
1413584,cs-go,2026-04-02 22:05:17+00:00,Group Stage,Season 2 2026,131161,Players,137320,Vasco Esports,131161,1,3
1421564,cs-go,2026-04-02 22:23:21+00:00,Group D,São Paulo 2026,131253,ODDIK,135580,Game Hunters,131253,1,3
1421584,cs-go,2026-04-02 22:31:24+00:00,Playoffs,South America Cup #3 2026,136596,MAGICOS,131848,largadosypelados,131848,0,3
1421578,cs-go,2026-04-02 22:31:33+00:00,Playoffs,South America Cup #3 2026,138033,Blitzkrieg,130605,UNO MILLE,130605,0,3
1421565,cs-go,2026-04-02 22:33:23+00:00,Group D,São Paulo 2026,130566,Gaimin Gladiators,131538,Yawara Esports,130566,1,3
1423153,cs-go,2026-04-02 23:05:27+00:00,Group D,Season 4 2026,136659,SPARTA,137500,CYBERSHOKE Prospects,137500,0,3
1404268,cs-go,2026-04-02 23:33:53+00:00,Playoffs,Astana: North American Closed Qualifier 2026,133907,BOSS,133997,regain,133907,1,3
1427599,cs-go,2026-04-02 23:46:07+00:00,Group Stage,Eagle Masters season 7 2026,130401,InControl,138422,girl kissers,130401,1,3
1404285,cs-go,2026-04-03 00:08:10+00:00,Playoffs,Astana: North American Closed Qualifier 2026,138425,BA 2,136002,Fisher College,136002,0,3
1426183,cs-go,2026-04-03 00:14:55+00:00,Playoffs,March 2026,137459,Alzon,129800,MIBR Academy,137459,1,3
1421567,cs-go,2026-04-03 00:29:40+00:00,Group D,São Paulo 2026,135580,Game Hunters,131538,Yawara Esports,135580,1,3
1404296,cs-go,2026-04-03 00:29:50+00:00,Playoffs,Astana: North American Closed Qualifier 2026,138044,FarmVille,132366,LAG Gaming,132366,0,3
1421566,cs-go,2026-04-03 01:00:13+00:00,Group D,São Paulo 2026,131253,ODDIK,130566,Gaimin Gladiators,131253,1,3
1404161,cs-go,2026-04-03 01:04:04+00:00,Playoffs,Astana: South American Closed Qualifier 2026,3225,Keyd,136029,Fake do Biru,136029,0,3
1427594,cs-go,2026-04-03 01:18:42+00:00,Group Stage,Eagle Masters season 7 2026,132891,Zomblers,138421,EMPIRE,132891,1,3
1413585,cs-go,2026-04-03 01:52:30+00:00,Group Stage,Season 2 2026,131849,paiN Academy,136596,MAGICOS,131849,1,3
1421613,cs-go,2026-04-03 02:26:59+00:00,Playoffs,North America Cup #3 2026,133997,regain,133304,FlyQuest RED,133997,1,3
1421611,cs-go,2026-04-03 02:44:45+00:00,Playoffs,North America Cup #3 2026,132891,Zomblers,138368,Surge,132891,1,3
1421608,cs-go,2026-04-03 02:55:02+00:00,Playoffs,North America Cup #3 2026,132756,shimmer,130401,InControl,130401,0,3
1421610,cs-go,2026-04-03 03:10:57+00:00,Playoffs,North America Cup #3 2026,134773,F5 Esports,138044,FarmVille,134773,1,3
1421607,cs-go,2026-04-03 03:22:32+00:00,Playoffs,North America Cup #3 2026,132366,LAG Gaming,138415,Club 333,132366,1,3
1404297,cs-go,2026-04-03 03:56:38+00:00,Playoffs,Astana: North American Closed Qualifier 2026,133907,BOSS,136002,Fisher College,136002,0,3
1427598,cs-go,2026-04-03 04:12:08+00:00,Group Stage,Eagle Masters season 7 2026,137148,Outfit 49,137350,Reign Above,137148,1,3
1423155,cs-go,2026-04-03 07:15:43+00:00,Group B,Season 4 2026,137708,BET-M 33,138426,Void Sentinels,137708,1,3
1423154,cs-go,2026-04-03 07:37:49+00:00,Group B,Season 4 2026,124522,Nemiga,138162,5Actors,124522,1,3
1427055,cs-go,2026-04-03 08:24:57+00:00,Group A,2026,138146,Drama eSports,128412,BEE,138146,1,3
1423157,cs-go,2026-04-03 09:40:51+00:00,Group B,Season 4 2026,138162,5Actors,138426,Void Sentinels,138162,1,3
1400859,cs-go,2026-04-03 09:52:37+00:00,Group C,Series 6 2026,137449,OlyBet SB,138089,zajezdzacze,138089,0,3
1423174,cs-go,2026-04-03 09:59:59+00:00,Group A,Season 47 2026,136593,Sangal ALTERS,137324,Imperial Academy,137324,0,3
1427056,cs-go,2026-04-03 10:01:45+00:00,Group A,2026,3212,FaZe,128412,BEE,3212,1,3
1424618,cs-go,2026-04-03 10:02:45+00:00,Playoffs,Pinnacle of Battle season 3 2026,3248,TYLOO,135164,Change The Game,3248,1,3
1421638,cs-go,2026-04-03 10:29:48+00:00,Playoffs,Oceania Cup #3 2026,131110,Mindfreak,137596,Time Waves,131110,1,3
1421640,cs-go,2026-04-03 10:32:11+00:00,Playoffs,Oceania Cup #3 2026,127114,Rooster,138090,Skele,127114,1,3
1406949,cs-go,2026-04-03 10:35:47+00:00,Group Stage,Series #20 season 3 2026,132927,Rune Eaters,137584,Omega,137584,0,3
1427054,cs-go,2026-04-03 10:39:40+00:00,Group B,Open #4 2026,125071,Tricked,134057,HAVENs,125071,1,3
1423156,cs-go,2026-04-03 11:08:10+00:00,Group B,Season 4 2026,124522,Nemiga,137708,BET-M 33,124522,1,3
1421690,cs-go,2026-04-03 11:10:32+00:00,Group B,Open #4 2026,132800,BESTIA,126694,BIG Academy,132800,1,3
1413392,cs-go,2026-04-03 11:43:18+00:00,Playoffs,Episode 1 2026,133458,BetBoom Team,126408,9INE,133458,1,3
1427057,cs-go,2026-04-03 12:07:42+00:00,Group A,2026,3212,FaZe,138146,Drama eSports,3212,1,3
1421639,cs-go,2026-04-03 12:23:23+00:00,Playoffs,Oceania Cup #3 2026,133333,Arcade Esports,138092,Abyssal,138092,0,3
1429106,cs-go,2026-04-03 12:24:19+00:00,Playoffs,Season 24 2026,136786,LPH Gaming,138055,ex-PeeP,138055,0,3
1423175,cs-go,2026-04-03 12:29:17+00:00,Group A,Season 47 2026,138405,Z7 Esports,136786,LPH Gaming,136786,0,3
1406950,cs-go,2026-04-03 12:32:42+00:00,Group Stage,Series #20 season 3 2026,137932,ex-RUBY,137416,TNC,137932,1,3
1399020,cs-go,2026-04-03 12:39:09+00:00,Playoffs,Series #19 season 3 2026,3266,ESC Gaming,136539,ALGO Esports,3266,1,3
1400844,cs-go,2026-04-03 12:53:34+00:00,Group C,Series 6 2026,137861,STATE,137703,ex-Zero Tenacity,137861,1,3
1403906,cs-go,2026-04-03 13:10:07+00:00,Playoffs,Astana: European Closed Qualifier 2026,135298,K27,126452,100 Thieves,135298,1,3
1423158,cs-go,2026-04-03 13:41:24+00:00,Group B,Season 4 2026,137708,BET-M 33,138162,5Actors,137708,1,3
1413391,cs-go,2026-04-03 14:13:04+00:00,Playoffs,Episode 1 2026,3246,Heroic,3218,NIP,3246,1,3
1429105,cs-go,2026-04-03 14:16:22+00:00,Playoffs,Season 24 2026,126624,Brute,128766,Spirit Academy,126624,1,3
1421693,cs-go,2026-04-03 14:16:30+00:00,Group B,Open #4 2026,134057,HAVENs,126694,BIG Academy,126694,0,3
1421662,cs-go,2026-04-03 14:43:08+00:00,Playoffs,Asia-Pacific Cup #3 2026,134264,Chinggis Warriors,137524,Team Arise,134264,1,3
1427058,cs-go,2026-04-03 15:05:37+00:00,Group B,2026,137703,ex-Zero Tenacity,138436,Deorum,137703,1,3
1421692,cs-go,2026-04-03 15:06:12+00:00,Group B,Open #4 2026,125071,Tricked,132800,BESTIA,125071,1,3
1399021,cs-go,2026-04-03 15:09:56+00:00,Playoffs,Series #19 season 3 2026,129856,ECSTATIC,137289,Team Nemesis,137289,0,3
1429157,cs-go,2026-04-03 15:16:25+00:00,Group A,Season 3 2026,128378,Procyon Gaming,138453,Riprising Argentina,128378,1,3
1429162,cs-go,2026-04-03 15:25:24+00:00,Group B,Season 3 2026,125863,Isurus,138155,Hacha Esports,125863,1,3
1421663,cs-go,2026-04-03 15:49:17+00:00,Playoffs,Asia-Pacific Cup #3 2026,134069,The QUBE Esports,129461,NSN,129461,0,3
1421680,cs-go,2026-04-03 15:57:10+00:00,Playoffs,Asia-Pacific Cup #3 2026,137353,Last Bullet,138151,NEXVOID,138151,0,3
1413396,cs-go,2026-04-03 16:29:37+00:00,Playoffs,Episode 1 2026,3210,G2,125847,GamerLegion,3210,1,3
1423160,cs-go,2026-04-03 16:30:24+00:00,Group C,Season 4 2026,130360,ARCRED,138163,Younglings,130360,1,3
1427059,cs-go,2026-04-03 16:44:47+00:00,Group B,2026,137511,illwill,138436,Deorum,137511,1,3
1406951,cs-go,2026-04-03 17:24:47+00:00,Group Stage,Series #20 season 3 2026,136826,MINLATE,136900,Ursa,136900,0,3
1421553,cs-go,2026-04-03 17:41:13+00:00,Group A,São Paulo 2026,134355,Galorys,136318,Marsborne,134355,1,3
1399022,cs-go,2026-04-03 17:43:21+00:00,Playoffs,Series #19 season 3 2026,3266,ESC Gaming,137289,Team Nemesis,137289,0,3
1404162,cs-go,2026-04-03 17:49:02+00:00,Playoffs,Astana: South American Closed Qualifier 2026,131253,ODDIK,136029,Fake do Biru,131253,1,3
1423159,cs-go,2026-04-03 17:51:40+00:00,Group C,Season 4 2026,130569,HOTU,135497,WW Team,130569,1,3
1429163,cs-go,2026-04-03 18:09:43+00:00,Group B,Season 3 2026,138154,Despedidos,138454,Really Gang Esports,138154,1,3
1429158,cs-go,2026-04-03 18:13:48+00:00,Group A,Season 3 2026,135743,BESTIA Academy,137993,LUNA Esports,135743,1,3
1429104,cs-go,2026-04-03 18:22:59+00:00,Playoffs,Season 24 2026,137324,Imperial Academy,137581,Young TigeRES,137581,0,3
1427060,cs-go,2026-04-03 18:45:24+00:00,Group B,2026,137511,illwill,137703,ex-Zero Tenacity,137511,1,3
1420023,cs-go,2026-04-03 18:49:21+00:00,Playoffs,Europe Cup #3 2026,133063,UNiTY esports,131389,ENCE Academy,131389,0,3
1421694,cs-go,2026-04-03 18:50:16+00:00,Group B,Open #4 2026,126694,BIG Academy,132800,BESTIA,132800,0,3
1420022,cs-go,2026-04-03 18:51:15+00:00,Playoffs,Europe Cup #3 2026,134188,Johnny Speeds,137080,MANA eSports,134188,1,3
1420024,cs-go,2026-04-03 19:22:58+00:00,Playoffs,Europe Cup #3 2026,137660,eLITenergy,137488,QWENTRY,137488,0,3
1413395,cs-go,2026-04-03 19:32:14+00:00,Playoffs,Episode 1 2026,133458,BetBoom Team,3246,Heroic,133458,1,3
1403927,cs-go,2026-04-03 19:33:04+00:00,Playoffs,Astana: European Closed Qualifier 2026,137739,magic,135298,K27,137739,1,5
1420042,cs-go,2026-04-03 19:46:04+00:00,Playoffs,Europe Cup #3 2026,136815,HEROIC Academy,137659,TNT,136815,1,3
1421558,cs-go,2026-04-03 19:46:19+00:00,Group B,São Paulo 2026,137992,Fluxo W7M,131848,largadosypelados,137992,1,3
1406952,cs-go,2026-04-03 19:49:24+00:00,Group Stage,Series #20 season 3 2026,137861,STATE,134815,RUSTEC,134815,0,3
1420025,cs-go,2026-04-03 19:51:20+00:00,Playoffs,Europe Cup #3 2026,138406,Just Players,137416,TNC,137416,0,3
1420041,cs-go,2026-04-03 19:57:04+00:00,Playoffs,Europe Cup #3 2026,135981,Donstu Esports,135321,G2 Ares,135321,0,3
1429159,cs-go,2026-04-03 20:04:49+00:00,Group A,Season 3 2026,138453,Riprising Argentina,137993,LUNA Esports,137993,0,3
1429164,cs-go,2026-04-03 20:40:12+00:00,Group B,Season 3 2026,138155,Hacha Esports,138454,Really Gang Esports,138454,0,3
1420040,cs-go,2026-04-03 20:46:37+00:00,Playoffs,Europe Cup #3 2026,138026,Atreides,130570,QUAZAR,130570,0,3
1429103,cs-go,2026-04-03 20:50:24+00:00,Playoffs,Season 24 2026,127976,Infinite,137580, Phantom Academy,137580,0,3
1423161,cs-go,2026-04-03 21:35:43+00:00,Group C,Season 4 2026,130360,ARCRED,130569,HOTU,130569,0,3
1426184,cs-go,2026-04-03 21:40:47+00:00,Playoffs,March 2026,135505,RED Canids Academy,137459,Alzon,135505,1,3
1404298,cs-go,2026-04-03 21:53:54+00:00,Playoffs,Astana: North American Closed Qualifier 2026,138044,FarmVille,136002,Fisher College,136002,0,3
1423162,cs-go,2026-04-03 22:10:52+00:00,Group C,Season 4 2026,138163,Younglings,135497,WW Team,135497,0,3
1421588,cs-go,2026-04-03 22:43:37+00:00,Playoffs,South America Cup #3 2026,137141,Crashers,131848,largadosypelados,131848,0,3
1404163,cs-go,2026-04-03 22:50:03+00:00,Playoffs,Astana: South American Closed Qualifier 2026,126709,9z,131253,ODDIK,126709,1,5
1421563,cs-go,2026-04-03 23:11:02+00:00,Group C,São Paulo 2026,135468,ShindeN,126377,Imperial,135468,1,3
1421587,cs-go,2026-04-03 23:41:18+00:00,Playoffs,South America Cup #3 2026,3225,Keyd,136029,Fake do Biru,136029,0,3
1421586,cs-go,2026-04-04 00:08:53+00:00,Playoffs,South America Cup #3 2026,137143,R2 Esports Club,131849,paiN Academy,131849,0,3
1427600,cs-go,2026-04-04 00:18:18+00:00,Group Stage,Eagle Masters season 7 2026,133997,regain,135230,Team Aether,133997,1,3
1423163,cs-go,2026-04-04 00:46:30+00:00,Group C,Season 4 2026,130360,ARCRED,135497,WW Team,135497,0,3
1421636,cs-go,2026-04-04 02:19:03+00:00,Playoffs,North America Cup #3 2026,133304,FlyQuest RED,133907,BOSS,133907,0,3
1421617,cs-go,2026-04-04 02:44:02+00:00,Playoffs,North America Cup #3 2026,137350,Reign Above,132891,Zomblers,132891,0,3
1421616,cs-go,2026-04-04 02:46:18+00:00,Playoffs,North America Cup #3 2026,137148,Outfit 49,134773,F5 Esports,134773,0,3
1421618,cs-go,2026-04-04 02:48:17+00:00,Playoffs,North America Cup #3 2026,133997,regain,137150,True Synergy Gaming,133997,1,3
1421568,cs-go,2026-04-04 02:48:30+00:00,Group D,São Paulo 2026,130566,Gaimin Gladiators,135580,Game Hunters,130566,1,3
1404299,cs-go,2026-04-04 04:26:40+00:00,Playoffs,Astana: North American Closed Qualifier 2026,132366,LAG Gaming,136002,Fisher College,136002,0,5
1423201,cs-go,2026-04-04 04:53:55+00:00,Playoffs,Season 2 2026,135428,SemperFi Esports,130329,Rare Atom,130329,0,3
1423200,cs-go,2026-04-04 05:00:53+00:00,Playoffs,Season 2 2026,133900,The Huns Esports,3248,TYLOO,3248,0,3
1423202,cs-go,2026-04-04 07:26:25+00:00,Playoffs,Season 2 2026,3248,TYLOO,130329,Rare Atom,3248,1,3
1427061,cs-go,2026-04-04 08:04:38+00:00,Group D,2026,137739,magic,138439,Re Di,137739,1,3
1427062,cs-go,2026-04-04 08:19:56+00:00,Group D,2026,133542,CYBERSHOKE Esports,138438,PIVOSQUAD,133542,1,3
1426977,cs-go,2026-04-04 09:36:36+00:00,Group Stage,Bucharest 2026,136955,FUT Esports,136497,Inner Circle Esports,136955,1,3
1426978,cs-go,2026-04-04 09:55:19+00:00,Group Stage,Bucharest 2026,3318,3DMAX,137699,FOKUS,137699,0,3
1427063,cs-go,2026-04-04 09:59:17+00:00,Group D,2026,137739,magic,138438,PIVOSQUAD,137739,1,3
1423204,cs-go,2026-04-04 10:06:55+00:00,Playoffs,Season 2 2026,134746,FlyQuest,134264,Chinggis Warriors,134746,1,3
1427064,cs-go,2026-04-04 10:07:00+00:00,Group D,2026,133542,CYBERSHOKE Esports,138439,Re Di,133542,1,3
1400932,cs-go,2026-04-04 10:34:47+00:00,Group D,Series 6 2026,137324,Imperial Academy,136826,MINLATE,137324,1,3
1423179,cs-go,2026-04-04 10:44:11+00:00,Group B,Season 47 2026,135474,Fire Flux Esports,138101,Inner Circle Academy,138101,0,3
1423164,cs-go,2026-04-04 10:46:11+00:00,Playoffs,Season 4 2026,135298,K27,137500,CYBERSHOKE Prospects,135298,1,3
1430027,cs-go,2026-04-04 11:04:19+00:00,Playoffs,Season 24 2026,135981,Donstu Esports,126624,Brute,135981,1,3
1426980,cs-go,2026-04-04 11:31:15+00:00,Group Stage,Bucharest 2026,3256,NRG,137510,Voca,3256,1,3
1426979,cs-go,2026-04-04 11:34:57+00:00,Group Stage,Bucharest 2026,129381,B8,135273,Wildcard,129381,1,3
1421696,cs-go,2026-04-04 11:38:04+00:00,Group A,Open #4 2026,127365,Sangal,137440,ASTRAL,137440,0,3
1424621,cs-go,2026-04-04 12:10:48+00:00,Playoffs,Pinnacle of Battle season 3 2026,135164,Change The Game,3248,TYLOO,3248,0,3
1421695,cs-go,2026-04-04 12:54:19+00:00,Group A,Open #4 2026,133686,Passion UA,138419,PURE,133686,1,3
1406953,cs-go,2026-04-04 13:00:51+00:00,Group Stage,Series #20 season 3 2026,128629,megoshort,137416,TNC,128629,1,3
1423180,cs-go,2026-04-04 13:02:23+00:00,Group B,Season 47 2026,131591,XI Esport,137967,ReThink,131591,1,3
1427066,cs-go,2026-04-04 13:16:27+00:00,Group D,2026,138438,PIVOSQUAD,138439,Re Di,138438,1,3
1427065,cs-go,2026-04-04 13:32:57+00:00,Group D,2026,137739,magic,133542,CYBERSHOKE Esports,137739,1,3
1423165,cs-go,2026-04-04 13:37:14+00:00,Playoffs,Season 4 2026,137708,BET-M 33,130569,HOTU,137708,1,3
1426981,cs-go,2026-04-04 13:44:21+00:00,Group Stage,Bucharest 2026,3272,TheMongolz,135177,BC.Game Esports,3272,1,3
1426982,cs-go,2026-04-04 13:48:23+00:00,Group Stage,Bucharest 2026,3209,Astralis,3250,MIBR,3209,1,3
1400931,cs-go,2026-04-04 14:00:21+00:00,Group D,Series 6 2026,138236,Hashiras,136815,HEROIC Academy,138236,1,3
1413397,cs-go,2026-04-04 14:44:25+00:00,Playoffs,Episode 1 2026,125847,GamerLegion,133458,BetBoom Team,133458,0,3
1421697,cs-go,2026-04-04 14:56:04+00:00,Group A,Open #4 2026,137440,ASTRAL,133686,Passion UA,133686,0,3
1421698,cs-go,2026-04-04 15:05:33+00:00,Group A,Open #4 2026,127365,Sangal,138419,PURE,127365,1,3
1430026,cs-go,2026-04-04 15:14:36+00:00,Playoffs,Season 24 2026,133063,UNiTY esports,137581,Young TigeRES,133063,1,3
1429160,cs-go,2026-04-04 15:39:39+00:00,Group A,Season 3 2026,128378,Procyon Gaming,135743,BESTIA Academy,128378,1,3
1421569,cs-go,2026-04-04 15:42:36+00:00,Playoffs,São Paulo 2026,125751,paiN,135468,ShindeN,125751,1,3
1423166,cs-go,2026-04-04 15:55:47+00:00,Playoffs,Season 4 2026,126944,1WIN,137948,TDK,126944,1,3
1421570,cs-go,2026-04-04 16:02:14+00:00,Playoffs,São Paulo 2026,131253,ODDIK,137992,Fluxo W7M,137992,0,3
1427067,cs-go,2026-04-04 16:15:21+00:00,Group C,2026,135381,Betclic Apogee Esports,138437,Luminous,135381,1,3
1421673,cs-go,2026-04-04 16:19:17+00:00,Playoffs,Asia-Pacific Cup #3 2026,134069,The QUBE Esports,135162,Boring Players,134069,1,3
1406954,cs-go,2026-04-04 16:46:33+00:00,Group Stage,Series #20 season 3 2026,129440,Metizport,137701,Bebop,137701,0,3
1429165,cs-go,2026-04-04 17:03:38+00:00,Group B,Season 3 2026,125863,Isurus,138154,Despedidos,138154,0,3
1426983,cs-go,2026-04-04 17:05:14+00:00,Group Stage,Bucharest 2026,133719,PARIVISION,133708,Legacy,133719,1,3
1430028,cs-go,2026-04-04 17:31:25+00:00,Playoffs,Season 24 2026,138370,Lavked,137580, Phantom Academy,138370,1,3
1427068,cs-go,2026-04-04 17:36:52+00:00,Group C,2026,3249,BIG,138437,Luminous,3249,1,3
1429161,cs-go,2026-04-04 17:55:29+00:00,Group A,Season 3 2026,137993,LUNA Esports,135743,BESTIA Academy,135743,0,3
1421699,cs-go,2026-04-04 18:20:32+00:00,Group A,Open #4 2026,137440,ASTRAL,127365,Sangal,127365,0,3
1430768,cs-go,2026-04-04 18:30:02+00:00,Playoffs,Contenders #4 2026,134405,Vexar,138376,rhadamanthys,134405,1,3
1406955,cs-go,2026-04-04 18:43:16+00:00,Group Stage,Series #20 season 3 2026,132927,Rune Eaters,131389,ENCE Academy,131389,0,3
1421572,cs-go,2026-04-04 18:51:15+00:00,Playoffs,São Paulo 2026,133326,Bounty Hunters Esports,134355,Galorys,133326,1,3
1420037,cs-go,2026-04-04 18:51:56+00:00,Playoffs,Europe Cup #3 2026,133063,UNiTY esports,135321,G2 Ares,133063,1,3
1430772,cs-go,2026-04-04 18:57:57+00:00,Playoffs,Contenders #4 2026,135227,ENJOY,137943,LFO,135227,1,3
1413398,cs-go,2026-04-04 19:04:15+00:00,Playoffs,Episode 1 2026,3210,G2,133458,BetBoom Team,3210,1,3
1429166,cs-go,2026-04-04 19:14:12+00:00,Group B,Season 3 2026,138454,Really Gang Esports,125863,Isurus,125863,0,3
1420038,cs-go,2026-04-04 19:33:47+00:00,Playoffs,Europe Cup #3 2026,137080,MANA eSports,136815,HEROIC Academy,137080,1,3
1423167,cs-go,2026-04-04 19:36:06+00:00,Playoffs,Season 4 2026,124522,Nemiga,135497,WW Team,135497,0,3
1421571,cs-go,2026-04-04 19:37:55+00:00,Playoffs,São Paulo 2026,126227,RED Canids,130566,Gaimin Gladiators,130566,0,3
1420035,cs-go,2026-04-04 19:55:48+00:00,Playoffs,Europe Cup #3 2026,138406,Just Players,137360,yngods,138406,1,3
1430025,cs-go,2026-04-04 20:19:16+00:00,Playoffs,Season 24 2026,128394,AaB Esport,138055,ex-PeeP,138055,0,3
1427069,cs-go,2026-04-04 20:41:55+00:00,Group C,2026,3249,BIG,135381,Betclic Apogee Esports,3249,1,3
1429168,cs-go,2026-04-04 21:08:26+00:00,Playoffs,Season 3 2026,135743,BESTIA Academy,138154,Despedidos,138154,0,3
1420036,cs-go,2026-04-04 21:17:34+00:00,Playoffs,Europe Cup #3 2026,137660,eLITenergy,130570,QUAZAR,137660,1,3
1430769,cs-go,2026-04-04 21:36:59+00:00,Playoffs,Contenders #4 2026,138147,mixmix,137500,CYBERSHOKE Prospects,137500,0,3
1429167,cs-go,2026-04-04 22:11:50+00:00,Playoffs,Season 3 2026,128378,Procyon Gaming,125863,Isurus,125863,0,3
1421573,cs-go,2026-04-04 22:27:27+00:00,Playoffs,São Paulo 2026,125751,paiN,137992,Fluxo W7M,125751,1,3
1421600,cs-go,2026-04-04 22:52:36+00:00,Playoffs,South America Cup #3 2026,135580,Game Hunters,3225,Keyd,3225,0,3
1427596,cs-go,2026-04-04 22:59:23+00:00,Group Stage,Eagle Masters season 7 2026,132366,LAG Gaming,138423,Clockwork,132366,1,3
1427597,cs-go,2026-04-04 23:31:33+00:00,Group Stage,Eagle Masters season 7 2026,133907,BOSS,137275,mouse,133907,1,3
1427595,cs-go,2026-04-05 01:19:26+00:00,Group Stage,Eagle Masters season 7 2026,138044,FarmVille,133538,Akimbo Esports,133538,0,3
1421574,cs-go,2026-04-05 02:32:32+00:00,Playoffs,São Paulo 2026,133326,Bounty Hunters Esports,130566,Gaimin Gladiators,130566,0,3
1421630,cs-go,2026-04-05 03:09:51+00:00,Playoffs,North America Cup #3 2026,138044,FarmVille,137350,Reign Above,138044,1,3
1427623,cs-go,2026-04-05 03:24:49+00:00,Group Stage,Eagle Masters season 7 2026,138440,insane players,138378,CHICANERY,138440,1,3
1421632,cs-go,2026-04-05 03:31:12+00:00,Playoffs,North America Cup #3 2026,132366,LAG Gaming,133907,BOSS,132366,1,3
1421629,cs-go,2026-04-05 03:42:48+00:00,Playoffs,North America Cup #3 2026,138415,Club 333,137150,True Synergy Gaming,138415,1,3
1423203,cs-go,2026-04-05 05:15:27+00:00,Playoffs,Season 2 2026,3248,TYLOO,134264,Chinggis Warriors,3248,1,3
1426986,cs-go,2026-04-05 08:20:30+00:00,Group Stage,Bucharest 2026,136955,FUT Esports,3256,NRG,136955,1,3
1423205,cs-go,2026-04-05 09:26:35+00:00,Playoffs,Season 2 2026,134746,FlyQuest,3248,TYLOO,3248,0,3
1427071,cs-go,2026-04-05 09:34:53+00:00,Playoffs,2026,137739,magic,138146,Drama eSports,137739,1,3
1427070,cs-go,2026-04-05 09:45:24+00:00,Playoffs,2026,3212,FaZe,133542,CYBERSHOKE Esports,3212,1,3
1426985,cs-go,2026-04-05 10:17:50+00:00,Group Stage,Bucharest 2026,3318,3DMAX,137510,Voca,3318,1,3
1423184,cs-go,2026-04-05 10:35:33+00:00,Group C,Season 47 2026,128327,Young Ninjas,126624,Brute,128327,1,3
1421651,cs-go,2026-04-05 10:43:33+00:00,Playoffs,Oceania Cup #3 2026,133333,Arcade Esports,137596,Time Waves,133333,1,3
1423168,cs-go,2026-04-05 10:48:47+00:00,Playoffs,Season 4 2026,135298,K27,137708,BET-M 33,137708,0,3
1421700,cs-go,2026-04-05 11:24:15+00:00,Playoffs,Open #4 2026,125071,Tricked,127365,Sangal,127365,0,3
1426988,cs-go,2026-04-05 11:27:18+00:00,Group Stage,Bucharest 2026,3209,Astralis,129381,B8,3209,1,3
1421643,cs-go,2026-04-05 11:43:49+00:00,Playoffs,Oceania Cup #3 2026,125873,Ground Zero,127114,Rooster,125873,1,3
1421642,cs-go,2026-04-05 12:05:24+00:00,Playoffs,Oceania Cup #3 2026,131110,Mindfreak,138092,Abyssal,138092,0,3
1423185,cs-go,2026-04-05 12:37:11+00:00,Group C,Season 47 2026,130733,KUUSAMO.gg,132795,INFURITY Gaming,132795,0,3
1427073,cs-go,2026-04-05 13:11:48+00:00,Playoffs,2026,137511,illwill,135381,Betclic Apogee Esports,137511,1,3
1400933,cs-go,2026-04-05 13:43:43+00:00,Group D,Series 6 2026,137324,Imperial Academy,136815,HEROIC Academy,136815,0,3
1426987,cs-go,2026-04-05 13:46:40+00:00,Group Stage,Bucharest 2026,135177,BC.Game Esports,3250,MIBR,3250,0,3
1423169,cs-go,2026-04-05 13:48:54+00:00,Playoffs,Season 4 2026,126944,1WIN,135497,WW Team,126944,1,3
1406956,cs-go,2026-04-05 13:53:31+00:00,Group Stage,Series #20 season 3 2026,136826,MINLATE,137488,QWENTRY,137488,0,3
1427072,cs-go,2026-04-05 13:54:58+00:00,Playoffs,2026,3249,BIG,137703,ex-Zero Tenacity,3249,1,3
1426990,cs-go,2026-04-05 14:06:51+00:00,Group Stage,Bucharest 2026,133719,PARIVISION,137699,FOKUS,133719,1,3
1421701,cs-go,2026-04-05 14:39:40+00:00,Playoffs,Open #4 2026,133686,Passion UA,132800,BESTIA,133686,1,3
1421672,cs-go,2026-04-05 14:56:31+00:00,Playoffs,Asia-Pacific Cup #3 2026,138284,5star,138151,NEXVOID,138151,0,3
1431357,cs-go,2026-04-05 15:00:33+00:00,Playoffs,Season 24 2026,138370,Lavked,133063,UNiTY esports,133063,0,3
1421671,cs-go,2026-04-05 15:27:21+00:00,Playoffs,Asia-Pacific Cup #3 2026,134069,The QUBE Esports,136330,Just Swing,134069,1,3
1429169,cs-go,2026-04-05 15:41:57+00:00,Playoffs,Season 3 2026,125863,Isurus,138154,Despedidos,125863,1,3
1423170,cs-go,2026-04-05 15:44:50+00:00,Playoffs,Season 4 2026,135298,K27,135497,WW Team,135497,0,3
1421664,cs-go,2026-04-05 15:45:51+00:00,Playoffs,Asia-Pacific Cup #3 2026,138152,BMZ,136024,FengDa Gaming,136024,0,3
1429170,cs-go,2026-04-05 15:58:21+00:00,Playoffs,Season 3 2026,128378,Procyon Gaming,135743,BESTIA Academy,135743,0,3
1426992,cs-go,2026-04-05 16:08:43+00:00,Group Stage,Bucharest 2026,3272,TheMongolz,131189,EYEBALLERS,3272,1,3
1406957,cs-go,2026-04-05 16:44:10+00:00,Group Stage,Series #20 season 3 2026,137932,ex-RUBY,137861,STATE,137932,1,3
1427074,cs-go,2026-04-05 16:55:24+00:00,Playoffs,2026,3212,FaZe,137511,illwill,3212,1,3
1426989,cs-go,2026-04-05 16:56:27+00:00,Group Stage,Bucharest 2026,133708,Legacy,136497,Inner Circle Esports,133708,1,3
1427075,cs-go,2026-04-05 16:58:48+00:00,Playoffs,2026,137739,magic,3249,BIG,3249,0,3
1430771,cs-go,2026-04-05 17:10:55+00:00,Playoffs,Contenders #4 2026,137581,Young TigeRES,138461,MAJIX ESPORTS,137581,1,3
1421575,cs-go,2026-04-05 18:14:55+00:00,Playoffs,São Paulo 2026,137992,Fluxo W7M,133326,Bounty Hunters Esports,137992,1,3
1429171,cs-go,2026-04-05 18:18:07+00:00,Playoffs,Season 3 2026,138154,Despedidos,135743,BESTIA Academy,138154,1,3
1431358,cs-go,2026-04-05 18:18:42+00:00,Playoffs,Season 24 2026,135981,Donstu Esports,138055,ex-PeeP,135981,1,3
1406958,cs-go,2026-04-05 18:31:41+00:00,Group Stage,Series #20 season 3 2026,137440,ASTRAL,137584,Omega,137440,1,3
1420026,cs-go,2026-04-05 18:33:46+00:00,Playoffs,Europe Cup #3 2026,134188,Johnny Speeds,131389,ENCE Academy,134188,1,3
1420034,cs-go,2026-04-05 18:45:36+00:00,Playoffs,Europe Cup #3 2026,133063,UNiTY esports,137080,MANA eSports,137080,0,3
1430773,cs-go,2026-04-05 18:46:12+00:00,Playoffs,Contenders #4 2026,138460,Team Palace,135978,eternal premium,138460,1,3
1421702,cs-go,2026-04-05 19:01:18+00:00,Playoffs,Open #4 2026,127365,Sangal,133686,Passion UA,127365,1,3
1420033,cs-go,2026-04-05 19:05:00+00:00,Playoffs,Europe Cup #3 2026,138406,Just Players,137660,eLITenergy,137660,0,3
1423171,cs-go,2026-04-05 19:06:12+00:00,Playoffs,Season 4 2026,137708,BET-M 33,126944,1WIN,126944,0,3
1420027,cs-go,2026-04-05 19:38:52+00:00,Playoffs,Europe Cup #3 2026,137488,QWENTRY,137416,TNC,137488,1,3
1430775,cs-go,2026-04-05 20:13:04+00:00,Playoffs,Contenders #4 2026,130794,BakS eSports,138377,WROTBERRY,138377,0,3
1427076,cs-go,2026-04-05 20:50:00+00:00,Playoffs,2026,137511,illwill,137739,magic,137511,1,3
1427077,cs-go,2026-04-05 20:50:18+00:00,Playoffs,2026,3212,FaZe,3249,BIG,3249,0,3
1430774,cs-go,2026-04-05 20:57:53+00:00,Playoffs,Contenders #4 2026,128935,bankaPEPSI,133991,ZOTIX,133991,0,3
1431359,cs-go,2026-04-05 21:16:07+00:00,Playoffs,Season 24 2026,133063,UNiTY esports,135981,Donstu Esports,135981,0,3
1421598,cs-go,2026-04-05 22:48:51+00:00,Playoffs,South America Cup #3 2026,137143,R2 Esports Club,135468,ShindeN,135468,0,3
1421576,cs-go,2026-04-05 23:40:28+00:00,Playoffs,São Paulo 2026,125751,paiN,130566,Gaimin Gladiators,125751,1,5
1429172,cs-go,2026-04-05 23:40:32+00:00,Playoffs,Season 3 2026,125863,Isurus,138154,Despedidos,125863,1,3
1421589,cs-go,2026-04-05 23:40:40+00:00,Playoffs,South America Cup #3 2026,130605,UNO MILLE,131849,paiN Academy,130605,1,3
1421597,cs-go,2026-04-05 23:54:37+00:00,Playoffs,South America Cup #3 2026,137141,Crashers,3225,Keyd,137141,1,3
1421590,cs-go,2026-04-05 23:57:50+00:00,Playoffs,South America Cup #3 2026,136029,Fake do Biru,131848,largadosypelados,136029,1,3
1421627,cs-go,2026-04-06 02:34:51+00:00,Playoffs,North America Cup #3 2026,138415,Club 333,138044,FarmVille,138044,0,3
1421619,cs-go,2026-04-06 02:55:56+00:00,Playoffs,North America Cup #3 2026,130401,InControl,134773,F5 Esports,134773,0,3
1421628,cs-go,2026-04-06 03:16:28+00:00,Playoffs,North America Cup #3 2026,138368,Surge,132366,LAG Gaming,132366,0,3
1431895,cs-go,2026-04-06 03:33:45+00:00,Group Stage,Eagle Masters season 7 2026,137350,Reign Above,138423,Clockwork,138423,0,3
1421620,cs-go,2026-04-06 04:18:27+00:00,Playoffs,North America Cup #3 2026,132891,Zomblers,133997,regain,133997,0,3
1426993,cs-go,2026-04-06 09:50:39+00:00,Group Stage,Bucharest 2026,137699,FOKUS,135273,Wildcard,135273,0,3
1426994,cs-go,2026-04-06 09:50:44+00:00,Group Stage,Bucharest 2026,133708,Legacy,3250,MIBR,3250,0,3
1423189,cs-go,2026-04-06 10:06:15+00:00,Group D,Season 47 2026,137075,Misa Esports,127976,Infinite,137075,1,3
1421648,cs-go,2026-04-06 10:38:24+00:00,Playoffs,Oceania Cup #3 2026,127114,Rooster,138090,Skele,127114,1,3
1431900,cs-go,2026-04-06 10:44:08+00:00,Play-In Group B,Season 7 2026,137701,Bebop,127911,MASONIC,137701,1,3
1433370,cs-go,2026-04-06 11:33:10+00:00,Contenders Stage,Season 25 2026,137735,Nebula In Chaox,138405,Z7 Esports,137735,1,3
1423190,cs-go,2026-04-06 12:06:59+00:00,Group D,Season 47 2026,136846,Prestige,128394,AaB Esport,128394,0,3
1426996,cs-go,2026-04-06 12:19:09+00:00,Group Stage,Bucharest 2026,3256,NRG,131189,EYEBALLERS,131189,0,3
1421649,cs-go,2026-04-06 12:23:57+00:00,Playoffs,Oceania Cup #3 2026,131110,Mindfreak,133333,Arcade Esports,133333,0,3
1426995,cs-go,2026-04-06 12:46:50+00:00,Group Stage,Bucharest 2026,129381,B8,3318,3DMAX,3318,0,3
1431898,cs-go,2026-04-06 14:23:44+00:00,Play-In Group A,Season 7 2026,132927,Rune Eaters,126624,Brute,126624,0,3
1426998,cs-go,2026-04-06 14:31:13+00:00,Group Stage,Bucharest 2026,136497,Inner Circle Esports,3212,FaZe,136497,1,3
1426997,cs-go,2026-04-06 14:45:29+00:00,Group Stage,Bucharest 2026,3209,Astralis,3272,TheMongolz,3209,1,3
1421669,cs-go,2026-04-06 15:17:41+00:00,Playoffs,Asia-Pacific Cup #3 2026,138152,BMZ,134069,The QUBE Esports,138152,1,3
1431901,cs-go,2026-04-06 15:53:24+00:00,Play-In Group B,Season 7 2026,136335,Persona Grata,129922,EC BANGA,136335,1,3
1433371,cs-go,2026-04-06 15:54:36+00:00,Contenders Stage,Season 25 2026,135326,Wingman,133571,Wave Esports,135326,1,3
1404921,cs-go,2026-04-06 16:32:13+00:00,Play-In,Closed Qualifier season 1 2026,137112,KOLESIE,133988,HyperSpirit,133988,0,3
1406965,cs-go,2026-04-06 16:58:37+00:00,Group Stage,Series #20 season 3 2026,137861,STATE,131389,ENCE Academy,137861,1,3
1426999,cs-go,2026-04-06 17:06:42+00:00,Group Stage,Bucharest 2026,133719,PARIVISION,136955,FUT Esports,136955,0,3
1400833,cs-go,2026-04-06 17:16:29+00:00,Group B,Series 6 2026,138288,Basement Bobs,132927,Rune Eaters,138288,1,3
1372451,cs-go,2026-04-06 17:17:48+00:00,Regular Season,Season 12 2026,130733,KUUSAMO.gg,138130,Nordic Valor,138130,0,3
1433300,cs-go,2026-04-06 17:18:57+00:00,Playoffs,Contenders #4 2026,138376,rhadamanthys,138034,Players,138034,0,3
1427000,cs-go,2026-04-06 17:33:52+00:00,Group Stage,Bucharest 2026,135177,BC.Game Esports,137510,Voca,135177,1,3
1433393,cs-go,2026-04-06 18:54:15+00:00,Regular Season,Advanced Europe season 57 2026,138129,BOJONG,135913,Diamant Esports,138129,1,1
1385715,cs-go,2026-04-06 19:07:36+00:00,Group Stage,Season 5 2026,138179,Huskies eSport,138178,Team LEISURE,138179,1,3
1404922,cs-go,2026-04-06 19:09:03+00:00,Play-In,Closed Qualifier season 1 2026,138101,Inner Circle Academy,133063,UNiTY esports,133063,0,3
1420031,cs-go,2026-04-06 19:17:45+00:00,Playoffs,Europe Cup #3 2026,131389,ENCE Academy,137660,eLITenergy,137660,0,3
1433390,cs-go,2026-04-06 19:21:27+00:00,Regular Season,Advanced Europe season 57 2026,135981,Donstu Esports,134037,Banger Gang,135981,1,1
1433394,cs-go,2026-04-06 19:24:09+00:00,Regular Season,Advanced Europe season 57 2026,137538,B8 Academy,138468,DGK Esports,137538,1,1
1433385,cs-go,2026-04-06 19:24:23+00:00,Regular Season,Advanced Europe season 57 2026,137473,OldBoys,138465,Arch,137473,1,1
1433386,cs-go,2026-04-06 19:24:48+00:00,Regular Season,Advanced Europe season 57 2026,135227,ENJOY,135474,Fire Flux Esports,135227,1,1
1420032,cs-go,2026-04-06 19:43:42+00:00,Playoffs,Europe Cup #3 2026,137416,TNC,137080,MANA eSports,137416,1,3
1433296,cs-go,2026-04-06 19:47:21+00:00,Playoffs,Contenders #4 2026,134405,Vexar,137500,CYBERSHOKE Prospects,137500,0,3
1433372,cs-go,2026-04-06 19:50:26+00:00,Contenders Stage,Season 25 2026,137285,Hermine Esports Club,130739,PLATOON,137285,1,3
1372452,cs-go,2026-04-06 20:05:44+00:00,Regular Season,Season 12 2026,132459,ROUNDS,138131,BoyBand,132459,1,3
1433298,cs-go,2026-04-06 20:17:15+00:00,Playoffs,Contenders #4 2026,135227,ENJOY,138460,Team Palace,135227,1,3
1406966,cs-go,2026-04-06 21:05:01+00:00,Group Stage,Series #20 season 3 2026,136335,Persona Grata,137701,Bebop,137701,0,3
1413587,cs-go,2026-04-06 21:53:48+00:00,Playoffs,Season 2 2026,130605,UNO MILLE,138276,ALKA GAMING,130605,1,3
1385725,cs-go,2026-04-06 22:04:23+00:00,Group Stage,Season 5 2026,135450,Regnum4Games,138178,Team LEISURE,138178,0,3
1431970,cs-go,2026-04-06 23:00:40+00:00,Group A,Series #4 season 3 2026,138044,FarmVille,133538,Akimbo Esports,138044,1,3
1421595,cs-go,2026-04-06 23:40:03+00:00,Playoffs,South America Cup #3 2026,131849,paiN Academy,137141,Crashers,131849,1,3
1421596,cs-go,2026-04-06 23:43:19+00:00,Playoffs,South America Cup #3 2026,131848,largadosypelados,135468,ShindeN,135468,0,3
1431891,cs-go,2026-04-07 01:05:32+00:00,Group Stage,Eagle Masters season 7 2026,135230,Team Aether,137148,Outfit 49,135230,1,3
1413588,cs-go,2026-04-07 02:04:12+00:00,Playoffs,Season 2 2026,3225,Keyd,137141,Crashers,3225,1,3
1421626,cs-go,2026-04-07 02:37:12+00:00,Playoffs,North America Cup #3 2026,132891,Zomblers,132366,LAG Gaming,132366,0,3
1421625,cs-go,2026-04-07 03:06:03+00:00,Playoffs,North America Cup #3 2026,130401,InControl,138044,FarmVille,130401,1,3
1431897,cs-go,2026-04-07 03:37:52+00:00,Group Stage,Eagle Masters season 7 2026,133538,Akimbo Esports,133997,regain,133997,0,3
1427002,cs-go,2026-04-07 08:40:31+00:00,Group Stage,Bucharest 2026,3250,MIBR,131189,EYEBALLERS,3250,1,3
1427001,cs-go,2026-04-07 08:43:09+00:00,Group Stage,Bucharest 2026,3256,NRG,133708,Legacy,133708,0,3
1423176,cs-go,2026-04-07 09:33:01+00:00,Group A,Season 47 2026,136593,Sangal ALTERS,136786,LPH Gaming,136786,0,3
1433374,cs-go,2026-04-07 10:32:24+00:00,Contenders Stage,Season 25 2026,132795,INFURITY Gaming,135514,NeverPlay,132795,1,3
1406972,cs-go,2026-04-07 10:39:21+00:00,Playoffs,Series #20 season 3 2026,3266,ESC Gaming,137861,STATE,3266,1,3
1434764,cs-go,2026-04-07 10:42:56+00:00,Playoffs,Season 1 2026,137948,TDK,137500,CYBERSHOKE Prospects,137948,1,3
1427003,cs-go,2026-04-07 10:42:57+00:00,Group Stage,Bucharest 2026,129381,B8,136497,Inner Circle Esports,129381,1,3
1427004,cs-go,2026-04-07 10:54:08+00:00,Group Stage,Bucharest 2026,3272,TheMongolz,135273,Wildcard,3272,1,3
1431906,cs-go,2026-04-07 10:58:40+00:00,Play-In Group A,Season 7 2026,132927,Rune Eaters,137660,eLITenergy,132927,1,3
1421647,cs-go,2026-04-07 12:17:42+00:00,Playoffs,Oceania Cup #3 2026,127114,Rooster,133333,Arcade Esports,127114,1,3
1423181,cs-go,2026-04-07 12:20:37+00:00,Group B,Season 47 2026,135474,Fire Flux Esports,131591,XI Esport,135474,1,3
1421644,cs-go,2026-04-07 12:29:10+00:00,Playoffs,Oceania Cup #3 2026,138092,Abyssal,125873,Ground Zero,125873,0,3
1427005,cs-go,2026-04-07 12:43:40+00:00,Group Stage,Bucharest 2026,137699,FOKUS,135177,BC.Game Esports,137699,1,3
1427006,cs-go,2026-04-07 13:20:57+00:00,Group Stage,Bucharest 2026,133719,PARIVISION,3318,3DMAX,3318,0,3
1434767,cs-go,2026-04-07 13:38:36+00:00,Playoffs,Season 1 2026,130572,premghouls,135978,eternal premium,135978,0,3
1406973,cs-go,2026-04-07 14:00:17+00:00,Playoffs,Series #20 season 3 2026,134188,Johnny Speeds,136900,Ursa,136900,0,3
1433375,cs-go,2026-04-07 14:40:14+00:00,Contenders Stage,Season 25 2026,137235,VP.Future,138477,CSGOPOSITIVE,138477,0,3
1421675,cs-go,2026-04-07 14:46:16+00:00,Playoffs,Asia-Pacific Cup #3 2026,138151,NEXVOID,138152,BMZ,138151,1,3
1431907,cs-go,2026-04-07 15:42:54+00:00,Play-In Group A,Season 7 2026,133269,Leo Team,126624,Brute,133269,1,3
1421666,cs-go,2026-04-07 16:15:57+00:00,Playoffs,Asia-Pacific Cup #3 2026,134264,Chinggis Warriors,136024,FengDa Gaming,136024,0,3
1434768,cs-go,2026-04-07 16:48:46+00:00,Playoffs,Season 1 2026,137500,CYBERSHOKE Prospects,135978,eternal premium,137500,1,3
1406974,cs-go,2026-04-07 16:49:33+00:00,Playoffs,Series #20 season 3 2026,129856,ECSTATIC,137488,QWENTRY,137488,0,3
1372453,cs-go,2026-04-07 17:09:15+00:00,Regular Season,Season 12 2026,138129,BOJONG,137467,Elite Klan,137467,0,3
1404923,cs-go,2026-04-07 17:16:10+00:00,Play-In,Closed Qualifier season 1 2026,138309,bond1e,126232,m1x,138309,1,3
1433303,cs-go,2026-04-07 17:30:35+00:00,Playoffs,Contenders #4 2026,128935,bankaPEPSI,130794,BakS eSports,128935,1,3
1433376,cs-go,2026-04-07 17:42:39+00:00,Contenders Stage,Season 25 2026,130733,KUUSAMO.gg,137589,Strael-Bora,130733,1,3
1433301,cs-go,2026-04-07 18:15:22+00:00,Playoffs,Contenders #4 2026,137790,against All authority,138461,MAJIX ESPORTS,138461,0,3
1431910,cs-go,2026-04-07 18:59:42+00:00,Play-In Group B,Season 7 2026,136335,Persona Grata,137701,Bebop,137701,0,3
1434766,cs-go,2026-04-07 19:04:21+00:00,Playoffs,Season 1 2026,137948,TDK,137500,CYBERSHOKE Prospects,137948,1,3
1434762,cs-go,2026-04-07 19:18:00+00:00,Regular Season,Advanced Europe season 57 2026,135321,G2 Ares,138471,Nerve of Cow,135321,1,1
1420028,cs-go,2026-04-07 19:22:50+00:00,Playoffs,Europe Cup #3 2026,134188,Johnny Speeds,137488,QWENTRY,134188,1,3
1404926,cs-go,2026-04-07 19:23:05+00:00,Play-In,Closed Qualifier season 1 2026,137440,ASTRAL,137881,rottweilers,137440,1,3
1406975,cs-go,2026-04-07 19:30:30+00:00,Playoffs,Series #20 season 3 2026,131189,EYEBALLERS,137584,Omega,131189,1,3
1420079,cs-go,2026-04-07 20:07:08+00:00,Playoffs,Europe Cup #3 2026,137660,eLITenergy,137416,TNC,137660,1,3
1372454,cs-go,2026-04-07 20:18:51+00:00,Regular Season,Season 12 2026,137251, CSDIILIT,131389,ENCE Academy,131389,0,3
1433297,cs-go,2026-04-07 20:50:33+00:00,Playoffs,Contenders #4 2026,138358,banda chuya,137581,Young TigeRES,137581,0,3
1433377,cs-go,2026-04-07 20:56:42+00:00,Contenders Stage,Season 25 2026,129463,Coalesce,130059,Eternal Fire Academy,130059,0,3
1413589,cs-go,2026-04-07 21:49:08+00:00,Playoffs,Season 2 2026,129800,MIBR Academy,131161,Players,129800,1,3
1433299,cs-go,2026-04-07 21:58:30+00:00,Playoffs,Contenders #4 2026,133991,ZOTIX,138377,WROTBERRY,133991,1,3
1421594,cs-go,2026-04-07 22:40:42+00:00,Playoffs,South America Cup #3 2026,131849,paiN Academy,135468,ShindeN,135468,0,3
1421591,cs-go,2026-04-07 23:44:19+00:00,Playoffs,South America Cup #3 2026,130605,UNO MILLE,136029,Fake do Biru,136029,0,3
1431975,cs-go,2026-04-07 23:45:50+00:00,Group B,Series #4 season 3 2026,138476,900FPSvsECO,132756,shimmer,138476,1,3
1431893,cs-go,2026-04-08 00:45:32+00:00,Group Stage,Eagle Masters season 7 2026,133907,BOSS,132366,LAG Gaming,133907,1,3
1431892,cs-go,2026-04-08 01:16:18+00:00,Group Stage,Eagle Masters season 7 2026,138421,EMPIRE,138044,FarmVille,138044,0,3
1421624,cs-go,2026-04-08 02:34:01+00:00,Playoffs,North America Cup #3 2026,130401,InControl,132366,LAG Gaming,130401,1,3
1431890,cs-go,2026-04-08 02:34:24+00:00,Group Stage,Eagle Masters season 7 2026,138422,girl kissers,137275,mouse,137275,0,3
1413590,cs-go,2026-04-08 02:42:34+00:00,Playoffs,Season 2 2026,136029,Fake do Biru,131849,paiN Academy,136029,1,3
1421621,cs-go,2026-04-08 03:14:19+00:00,Playoffs,North America Cup #3 2026,134773,F5 Esports,133997,regain,134773,1,3
1431911,cs-go,2026-04-08 09:27:52+00:00,Play-In Group B,Season 7 2026,127911,MASONIC,136335,Persona Grata,136335,0,3
1427008,cs-go,2026-04-08 10:09:23+00:00,Group Stage,Bucharest 2026,137699,FOKUS,131189,EYEBALLERS,131189,0,3
1423186,cs-go,2026-04-08 10:18:19+00:00,Group C,Season 47 2026,126624,Brute,132795,INFURITY Gaming,126624,1,3
1400934,cs-go,2026-04-08 10:43:56+00:00,Playoffs,Series 6 2026,130360,ARCRED,128394,AaB Esport,130360,1,3
1421646,cs-go,2026-04-08 11:06:05+00:00,Playoffs,Oceania Cup #3 2026,138092,Abyssal,127114,Rooster,127114,0,3
1427009,cs-go,2026-04-08 12:10:37+00:00,Group Stage,Bucharest 2026,129381,B8,133708,Legacy,129381,1,3
1435735,cs-go,2026-04-08 12:22:35+00:00,Contenders Stage,Season 25 2026,137285,Hermine Esports Club,130733,KUUSAMO.gg,137285,1,3
1406977,cs-go,2026-04-08 12:23:03+00:00,Playoffs,Series #20 season 3 2026,125071,Tricked,137932,ex-RUBY,125071,1,3
1400935,cs-go,2026-04-08 12:49:48+00:00,Playoffs,Series 6 2026,129160,MOUZ NXT,138089,zajezdzacze,129160,1,3
1431908,cs-go,2026-04-08 12:57:14+00:00,Play-In Group A,Season 7 2026,132927,Rune Eaters,126624,Brute,132927,1,3
1423191,cs-go,2026-04-08 13:32:50+00:00,Group D,Season 47 2026,127976,Infinite,128394,AaB Esport,127976,1,3
1435736,cs-go,2026-04-08 14:12:53+00:00,Contenders Stage,Season 25 2026,135326,Wingman,132795,INFURITY Gaming,132795,0,3
1427010,cs-go,2026-04-08 15:36:36+00:00,Group Stage,Bucharest 2026,133719,PARIVISION,135273,Wildcard,133719,1,3
1436235,cs-go,2026-04-08 15:37:10+00:00,Regular Season,Advanced Europe season 57 2026,135981,Donstu Esports,138462,Clutchain Female,135981,1,1
1406978,cs-go,2026-04-08 16:46:50+00:00,Playoffs,Series #20 season 3 2026,137289,Team Nemesis,134815,RUSTEC,137289,1,3
1436236,cs-go,2026-04-08 16:57:23+00:00,Regular Season,Advanced Europe season 57 2026,135474,Fire Flux Esports,132459,ROUNDS,135474,1,1
1436316,cs-go,2026-04-08 16:59:44+00:00,Playoffs,Contenders #4 2026,138358,banda chuya,138461,MAJIX ESPORTS,138461,0,3
1404947,cs-go,2026-04-08 17:02:43+00:00,Play-In,Closed Qualifier season 1 2026,137112,KOLESIE,126232,m1x,137112,1,3
1421668,cs-go,2026-04-08 17:05:45+00:00,Playoffs,Asia-Pacific Cup #3 2026,138151,NEXVOID,134264,Chinggis Warriors,134264,0,3
1436315,cs-go,2026-04-08 17:09:30+00:00,Playoffs,Contenders #4 2026,134405,Vexar,138034,Players,134405,1,3
1435737,cs-go,2026-04-08 17:43:43+00:00,Contenders Stage,Season 25 2026,137236,3DMAX Academy,138477,CSGOPOSITIVE,137236,1,3
1436237,cs-go,2026-04-08 18:07:28+00:00,Regular Season,Advanced Europe season 57 2026,138466,SE7ENS Esport,135321,G2 Ares,135321,0,1
1385731,cs-go,2026-04-08 18:34:04+00:00,Group Stage,Season 5 2026,133571,Wave Esports,138178,Team LEISURE,133571,1,3
1436247,cs-go,2026-04-08 18:44:25+00:00,Regular Season,Advanced Europe season 57 2026,137508,Falcons Force,131591,XI Esport,137508,1,1
1436244,cs-go,2026-04-08 18:45:34+00:00,Regular Season,Advanced Europe season 57 2026,130590,The Last Resort,137331,hindsight,130590,1,1
1436245,cs-go,2026-04-08 18:51:49+00:00,Regular Season,Advanced Europe season 57 2026,137538,B8 Academy,138129,BOJONG,137538,1,1
1436239,cs-go,2026-04-08 19:02:57+00:00,Regular Season,Advanced Europe season 57 2026,135669,8Sins,138467,tincan,138467,0,1
1436241,cs-go,2026-04-08 19:05:21+00:00,Regular Season,Advanced Europe season 57 2026,137473,OldBoys,127899,VP.Prodigy,127899,0,1
1436242,cs-go,2026-04-08 19:20:21+00:00,Regular Season,Advanced Europe season 57 2026,134037,Banger Gang,137324,Imperial Academy,137324,0,1
1404948,cs-go,2026-04-08 19:23:25+00:00,Play-In,Closed Qualifier season 1 2026,138101,Inner Circle Academy,137881,rottweilers,138101,1,3
1420030,cs-go,2026-04-08 19:24:53+00:00,Playoffs,Europe Cup #3 2026,137488,QWENTRY,137660,eLITenergy,137660,0,3
1436317,cs-go,2026-04-08 19:44:22+00:00,Playoffs,Contenders #4 2026,138460,Team Palace,130779,gothboiclique,138460,1,3
1413591,cs-go,2026-04-08 19:48:01+00:00,Playoffs,Season 2 2026,130605,UNO MILLE,3225,Keyd,3225,0,3
1406979,cs-go,2026-04-08 19:53:15+00:00,Playoffs,Series #20 season 3 2026,3249,BIG,137701,Bebop,3249,1,3
1436318,cs-go,2026-04-08 19:54:43+00:00,Playoffs,Contenders #4 2026,138377,WROTBERRY,128935,bankaPEPSI,128935,0,3
1385724,cs-go,2026-04-08 20:21:02+00:00,Group Stage,Season 5 2026,126694,BIG Academy,129380,Playing Ducks,126694,1,3
1435738,cs-go,2026-04-08 20:58:46+00:00,Contenders Stage,Season 25 2026,137735,Nebula In Chaox,130059,Eternal Fire Academy,137735,1,3
1413592,cs-go,2026-04-08 21:55:54+00:00,Playoffs,Season 2 2026,129800,MIBR Academy,136029,Fake do Biru,136029,0,3
1421593,cs-go,2026-04-08 22:48:03+00:00,Playoffs,South America Cup #3 2026,135468,ShindeN,130605,UNO MILLE,135468,1,3
1431894,cs-go,2026-04-09 00:02:39+00:00,Group Stage,Eagle Masters season 7 2026,132891,Zomblers,138440,insane players,138440,0,3
1431972,cs-go,2026-04-09 00:50:25+00:00,Group A,Series #4 season 3 2026,138044,FarmVille,133997,regain,133997,0,3
1421623,cs-go,2026-04-09 02:50:54+00:00,Playoffs,North America Cup #3 2026,130401,InControl,133997,regain,130401,1,3
1400936,cs-go,2026-04-09 10:05:32+00:00,Playoffs,Series 6 2026,138370,Lavked,138236,Hashiras,138370,1,3
1427011,cs-go,2026-04-09 10:09:53+00:00,Playoffs,Bucharest 2026,3250,MIBR,3318,3DMAX,3318,0,3
1406981,cs-go,2026-04-09 10:29:50+00:00,Playoffs,Series #20 season 3 2026,137488,QWENTRY,137440,ASTRAL,137488,1,3
1421645,cs-go,2026-04-09 10:53:26+00:00,Playoffs,Oceania Cup #3 2026,125873,Ground Zero,127114,Rooster,125873,1,3
1431902,cs-go,2026-04-09 11:11:35+00:00,Play-In Group C,Season 7 2026,137080,MANA eSports,137271,FC Famalicão Esports,137080,1,3
1437367,cs-go,2026-04-09 11:42:48+00:00,Playoffs,Season 47 2026,137324,Imperial Academy,127976,Infinite,137324,1,3
1431904,cs-go,2026-04-09 13:02:31+00:00,Play-In Group D,Season 7 2026,137440,ASTRAL,136900,Ursa,137440,1,3
1427012,cs-go,2026-04-09 13:19:22+00:00,Playoffs,Bucharest 2026,3209,Astralis,131189,EYEBALLERS,3209,1,3
1406983,cs-go,2026-04-09 13:28:40+00:00,Playoffs,Series #20 season 3 2026,3266,ESC Gaming,125071,Tricked,3266,1,3
1437368,cs-go,2026-04-09 13:38:25+00:00,Playoffs,Season 47 2026,138101,Inner Circle Academy,126624,Brute,126624,0,3
1435740,cs-go,2026-04-09 14:50:32+00:00,Contenders Stage,Season 25 2026,133571,Wave Esports,138405,Z7 Esports,133571,1,3
1421667,cs-go,2026-04-09 15:16:41+00:00,Playoffs,Asia-Pacific Cup #3 2026,136024,FengDa Gaming,134264,Chinggis Warriors,136024,1,3
1431905,cs-go,2026-04-09 15:27:25+00:00,Play-In Group D,Season 7 2026,138370,Lavked,128629,megoshort,138370,1,3
1404927,cs-go,2026-04-09 15:50:40+00:00,Play-In,Closed Qualifier season 1 2026,133988,HyperSpirit,138309,bond1e,133988,1,3
1406980,cs-go,2026-04-09 15:53:51+00:00,Playoffs,Series #20 season 3 2026,136900,Ursa,3249,BIG,3249,0,3
1438015,cs-go,2026-04-09 15:54:37+00:00,Regular Season,Advanced Europe season 57 2026,138462,Clutchain Female,137324,Imperial Academy,137324,0,1
1427013,cs-go,2026-04-09 15:56:33+00:00,Playoffs,Bucharest 2026,136955,FUT Esports,129381,B8,136955,1,3
1435741,cs-go,2026-04-09 17:20:13+00:00,Contenders Stage,Season 25 2026,135978,eternal premium,130739,PLATOON,135978,1,3
1438018,cs-go,2026-04-09 17:45:39+00:00,Regular Season,Advanced Europe season 57 2026,138478,Project 91,137500,CYBERSHOKE Prospects,137500,0,1
1436322,cs-go,2026-04-09 17:49:15+00:00,Playoffs,Contenders #4 2026,138460,Team Palace,128935,bankaPEPSI,128935,0,3
1438017,cs-go,2026-04-09 18:00:13+00:00,Regular Season,Advanced Europe season 57 2026,133991,ZOTIX,137508,Falcons Force,137508,0,1
1404946,cs-go,2026-04-09 18:07:53+00:00,Play-In,Closed Qualifier season 1 2026,133063,UNiTY esports,137440,ASTRAL,137440,0,3
1406982,cs-go,2026-04-09 18:20:36+00:00,Playoffs,Series #20 season 3 2026,131189,EYEBALLERS,137289,Team Nemesis,137289,0,3
1436321,cs-go,2026-04-09 18:52:26+00:00,Playoffs,Contenders #4 2026,138461,MAJIX ESPORTS,134405,Vexar,134405,0,3
1438019,cs-go,2026-04-09 18:59:53+00:00,Regular Season,Advanced Europe season 57 2026,138468,DGK Esports,135913,Diamant Esports,135913,0,1
1431903,cs-go,2026-04-09 19:09:49+00:00,Play-In Group C,Season 7 2026,133063,UNiTY esports,138236,Hashiras,138236,0,3
1427014,cs-go,2026-04-09 19:14:57+00:00,Playoffs,Bucharest 2026,3272,TheMongolz,133719,PARIVISION,3272,1,3
1420029,cs-go,2026-04-09 19:43:28+00:00,Playoffs,Europe Cup #3 2026,134188,Johnny Speeds,137660,eLITenergy,137660,0,3
1413593,cs-go,2026-04-09 20:34:53+00:00,Playoffs,Season 2 2026,3225,Keyd,136029,Fake do Biru,136029,0,3
1436320,cs-go,2026-04-09 21:16:54+00:00,Playoffs,Contenders #4 2026,135227,ENJOY,133991,ZOTIX,135227,1,3
1436319,cs-go,2026-04-09 21:17:21+00:00,Playoffs,Contenders #4 2026,137500,CYBERSHOKE Prospects,137581,Young TigeRES,137500,1,3
1421592,cs-go,2026-04-09 22:50:05+00:00,Playoffs,South America Cup #3 2026,135468,ShindeN,136029,Fake do Biru,135468,1,3
1431973,cs-go,2026-04-09 23:48:37+00:00,Group A,Series #4 season 3 2026,133538,Akimbo Esports,130401,InControl,133538,1,3
1431978,cs-go,2026-04-10 01:38:29+00:00,Group B,Series #4 season 3 2026,132756,shimmer,138440,insane players,138440,0,3
1438471,cs-go,2026-04-10 01:46:22+00:00,Group Stage,Eagle Masters season 7 2026,132891,Zomblers,138044,FarmVille,138044,0,3
1438470,cs-go,2026-04-10 02:44:08+00:00,Group Stage,Eagle Masters season 7 2026,135230,Team Aether,133907,BOSS,133907,0,3
1438474,cs-go,2026-04-10 03:05:22+00:00,Group Stage,Eagle Masters season 7 2026,138421,EMPIRE,138423,Clockwork,138421,1,3
1421622,cs-go,2026-04-10 04:03:38+00:00,Playoffs,North America Cup #3 2026,134773,F5 Esports,130401,InControl,130401,0,3
1431916,cs-go,2026-04-10 10:30:23+00:00,Play-In Group D,Season 7 2026,137440,ASTRAL,138370,Lavked,138370,0,3
1437369,cs-go,2026-04-10 10:33:58+00:00,Playoffs,Season 47 2026,128327,Young Ninjas,135474,Fire Flux Esports,128327,1,3
1400938,cs-go,2026-04-10 11:16:02+00:00,Playoffs,Series 6 2026,136560,Phantom,136900,Ursa,136560,1,3
1439592,cs-go,2026-04-10 11:22:04+00:00,Contenders Stage,Season 25 2026,137236,3DMAX Academy,137285,Hermine Esports Club,137285,0,3
1437304,cs-go,2026-04-10 11:33:41+00:00,Group B,Season 4 2026,138010,LAGUNA,138489,Gaming By Legends,138010,1,1
1437305,cs-go,2026-04-10 11:51:30+00:00,Group B,Season 4 2026,138487,Ølgod Efterskole,138488,Team Eclipse,138487,1,1
1437295,cs-go,2026-04-10 11:52:21+00:00,Group A,Season 4 2026,137950,WAZABI,133941,Sashi Academy,133941,0,1
1437294,cs-go,2026-04-10 11:57:20+00:00,Group A,Season 4 2026,128258,Entropy,138486,ImmuNe,128258,1,1
1437370,cs-go,2026-04-10 12:10:05+00:00,Playoffs,Season 47 2026,137075,Misa Esports,136786,LPH Gaming,137075,1,3
1406984,cs-go,2026-04-10 12:12:37+00:00,Playoffs,Series #20 season 3 2026,137488,QWENTRY,3249,BIG,3249,0,3
1431912,cs-go,2026-04-10 12:51:53+00:00,Play-In Group C,Season 7 2026,137271,FC Famalicão Esports,133063,UNiTY esports,133063,0,3
1437306,cs-go,2026-04-10 12:57:47+00:00,Group B,Season 4 2026,138489,Gaming By Legends,138487,Ølgod Efterskole,138487,0,1
1437307,cs-go,2026-04-10 13:17:32+00:00,Group B,Season 4 2026,126738,SAW,138010,LAGUNA,126738,1,1
1400939,cs-go,2026-04-10 13:23:13+00:00,Playoffs,Series 6 2026,128519,GenOne,136815,HEROIC Academy,136815,0,3
1437297,cs-go,2026-04-10 13:26:21+00:00,Group A,Season 4 2026,128394,AaB Esport,128258,Entropy,128258,0,1
1437296,cs-go,2026-04-10 13:43:11+00:00,Group A,Season 4 2026,138486,ImmuNe,137950,WAZABI,137950,0,1
1439593,cs-go,2026-04-10 14:05:13+00:00,Contenders Stage,Season 25 2026,137735,Nebula In Chaox,132795,INFURITY Gaming,132795,0,3
1406985,cs-go,2026-04-10 14:21:10+00:00,Playoffs,Series #20 season 3 2026,137289,Team Nemesis,3266,ESC Gaming,137289,1,3
1437309,cs-go,2026-04-10 14:32:36+00:00,Group B,Season 4 2026,138488,Team Eclipse,138489,Gaming By Legends,138488,1,1
1437299,cs-go,2026-04-10 14:40:41+00:00,Group A,Season 4 2026,133941,Sashi Academy,138486,ImmuNe,133941,1,1
1437308,cs-go,2026-04-10 14:47:05+00:00,Group B,Season 4 2026,138487,Ølgod Efterskole,126738,SAW,126738,0,1
1437298,cs-go,2026-04-10 14:56:54+00:00,Group A,Season 4 2026,137950,WAZABI,128394,AaB Esport,137950,1,1
1437300,cs-go,2026-04-10 16:03:14+00:00,Group A,Season 4 2026,128394,AaB Esport,133941,Sashi Academy,128394,1,1
1437310,cs-go,2026-04-10 16:06:22+00:00,Group B,Season 4 2026,126738,SAW,138488,Team Eclipse,126738,1,1
1436293,cs-go,2026-04-10 16:15:32+00:00,Playoffs,Season 12 2026,3251,ENCE,130733,KUUSAMO.gg,3251,1,3
1437301,cs-go,2026-04-10 16:18:46+00:00,Group A,Season 4 2026,128258,Entropy,137950,WAZABI,128258,1,1
1427015,cs-go,2026-04-10 16:26:14+00:00,Playoffs,Bucharest 2026,3318,3DMAX,3209,Astralis,3209,0,3
1437311,cs-go,2026-04-10 16:44:08+00:00,Group B,Season 4 2026,138010,LAGUNA,138487,Ølgod Efterskole,138010,1,1
1437313,cs-go,2026-04-10 17:21:33+00:00,Group B,Season 4 2026,138489,Gaming By Legends,126738,SAW,126738,0,1
1437303,cs-go,2026-04-10 17:31:26+00:00,Group A,Season 4 2026,138486,ImmuNe,128394,AaB Esport,128394,0,1
1437302,cs-go,2026-04-10 17:36:17+00:00,Group A,Season 4 2026,133941,Sashi Academy,128258,Entropy,133941,1,1
1437312,cs-go,2026-04-10 17:37:06+00:00,Group B,Season 4 2026,138488,Team Eclipse,138010,LAGUNA,138010,0,1
1406986,cs-go,2026-04-10 17:46:15+00:00,Playoffs,Series #20 season 3 2026,3249,BIG,137289,Team Nemesis,137289,0,3
1431913,cs-go,2026-04-10 17:59:51+00:00,Play-In Group C,Season 7 2026,137080,MANA eSports,138236,Hashiras,137080,1,3
1439594,cs-go,2026-04-10 18:24:01+00:00,Contenders Stage,Season 25 2026,130739,PLATOON,138405,Z7 Esports,138405,0,3
1404958,cs-go,2026-04-10 18:25:28+00:00,Play-In,Closed Qualifier season 1 2026,137112,KOLESIE,133063,UNiTY esports,137112,1,3
1436294,cs-go,2026-04-10 18:27:21+00:00,Playoffs,Season 12 2026,137251, CSDIILIT,138129,BOJONG,137251,1,3
1436323,cs-go,2026-04-10 18:38:00+00:00,Playoffs,Contenders #4 2026,137581,Young TigeRES,134405,Vexar,134405,0,3
1427016,cs-go,2026-04-10 18:58:09+00:00,Playoffs,Bucharest 2026,136955,FUT Esports,3272,TheMongolz,136955,1,3
1404970,cs-go,2026-04-10 21:30:48+00:00,Play-In,Closed Qualifier season 1 2026,138101,Inner Circle Academy,138309,bond1e,138101,1,3
1431974,cs-go,2026-04-10 23:29:17+00:00,Group A,Series #4 season 3 2026,138044,FarmVille,133538,Akimbo Esports,133538,0,3
1438472,cs-go,2026-04-11 02:06:47+00:00,Group Stage,Eagle Masters season 7 2026,133538,Akimbo Esports,138378,CHICANERY,133538,1,3
1438952,cs-go,2026-04-11 02:39:06+00:00,Group A,Open Series #4 2026,133333,Arcade Esports,138511,MGLBROS,133333,1,3
1438475,cs-go,2026-04-11 03:55:35+00:00,Group Stage,Eagle Masters season 7 2026,132366,LAG Gaming,137275,mouse,137275,0,3
1438953,cs-go,2026-04-11 04:15:08+00:00,Group A,Open Series #4 2026,138092,Abyssal,133211,DXA Esports,138092,1,3
1438955,cs-go,2026-04-11 06:52:23+00:00,Group A,Open Series #4 2026,138511,MGLBROS,133211,DXA Esports,133211,0,3
1438954,cs-go,2026-04-11 07:33:32+00:00,Group A,Open Series #4 2026,133333,Arcade Esports,138092,Abyssal,138092,0,3
1437316,cs-go,2026-04-11 09:28:51+00:00,Playoffs,Season 4 2026,128258,Entropy,138487,Ølgod Efterskole,128258,1,3
1431914,cs-go,2026-04-11 09:48:14+00:00,Play-In Group C,Season 7 2026,133063,UNiTY esports,138236,Hashiras,138236,0,3
1437315,cs-go,2026-04-11 09:56:44+00:00,Playoffs,Season 4 2026,138010,LAGUNA,128394,AaB Esport,128394,0,3
1437314,cs-go,2026-04-11 10:18:10+00:00,Playoffs,Season 4 2026,133941,Sashi Academy,138488,Team Eclipse,133941,1,3
1438956,cs-go,2026-04-11 10:58:14+00:00,Group A,Open Series #4 2026,133211,DXA Esports,133333,Arcade Esports,133211,1,3
1437317,cs-go,2026-04-11 11:01:12+00:00,Playoffs,Season 4 2026,126738,SAW,137950,WAZABI,137950,0,3
1400940,cs-go,2026-04-11 11:31:37+00:00,Playoffs,Series 6 2026,137932,ex-RUBY,137861,STATE,137932,1,3
1438942,cs-go,2026-04-11 12:03:16+00:00,Playoffs,Season 47 2026,135474,Fire Flux Esports,136786,LPH Gaming,135474,1,3
1439596,cs-go,2026-04-11 12:08:58+00:00,Contenders Stage,Season 25 2026,137235,VP.Future,130733,KUUSAMO.gg,130733,0,3
1431917,cs-go,2026-04-11 13:01:22+00:00,Play-In Group D,Season 7 2026,137440,ASTRAL,136900,Ursa,136900,0,3
1437320,cs-go,2026-04-11 13:14:32+00:00,Playoffs,Season 4 2026,138010,LAGUNA,138488,Team Eclipse,138010,1,3
1427018,cs-go,2026-04-11 13:32:13+00:00,Playoffs,Bucharest 2026,3318,3DMAX,3272,TheMongolz,3272,0,3
1400941,cs-go,2026-04-11 13:38:24+00:00,Playoffs,Series 6 2026,129440,Metizport,138288,Basement Bobs,129440,1,3
1437321,cs-go,2026-04-11 13:49:48+00:00,Playoffs,Season 4 2026,138487,Ølgod Efterskole,126738,SAW,126738,0,3
1439597,cs-go,2026-04-11 14:31:54+00:00,Contenders Stage,Season 25 2026,135514,NeverPlay,133571,Wave Esports,133571,0,3
1436295,cs-go,2026-04-11 16:14:11+00:00,Playoffs,Season 12 2026,130733,KUUSAMO.gg,138129,BOJONG,130733,1,3
1437318,cs-go,2026-04-11 16:34:28+00:00,Playoffs,Season 4 2026,128394,AaB Esport,133941,Sashi Academy,128394,1,3
1437319,cs-go,2026-04-11 16:50:01+00:00,Playoffs,Season 4 2026,128258,Entropy,137950,WAZABI,137950,0,3
1436325,cs-go,2026-04-11 17:14:21+00:00,Playoffs,Contenders #4 2026,135227,ENJOY,137500,CYBERSHOKE Prospects,135227,1,3
1439598,cs-go,2026-04-11 17:49:47+00:00,Contenders Stage,Season 25 2026,130059,Eternal Fire Academy,138477,CSGOPOSITIVE,138477,0,3
1427017,cs-go,2026-04-11 17:55:46+00:00,Playoffs,Bucharest 2026,3209,Astralis,136955,FUT Esports,136955,0,5
1436296,cs-go,2026-04-11 18:32:36+00:00,Playoffs,Season 12 2026,3251,ENCE,137251, CSDIILIT,3251,1,3
1437323,cs-go,2026-04-11 20:22:57+00:00,Playoffs,Season 4 2026,133941,Sashi Academy,126738,SAW,133941,1,3
1437322,cs-go,2026-04-11 20:27:05+00:00,Playoffs,Season 4 2026,128258,Entropy,138010,LAGUNA,128258,1,3
1436326,cs-go,2026-04-11 21:09:04+00:00,Playoffs,Contenders #4 2026,133991,ZOTIX,134405,Vexar,134405,0,3
1439599,cs-go,2026-04-11 21:40:05+00:00,Contenders Stage,Season 25 2026,135978,eternal premium,135326,Wingman,135978,1,3
1439646,cs-go,2026-04-11 23:29:48+00:00,Playoffs,Challengers #1 2026,135743,BESTIA Academy,137468,Vexa,135743,1,3
1441138,cs-go,2026-04-12 02:39:21+00:00,Group Stage,Eagle Masters season 7 2026,132891,Zomblers,130401,InControl,132891,1,3
1431983,cs-go,2026-04-12 02:49:17+00:00,Playoffs,Series #4 season 3 2026,132366,LAG Gaming,135230,Team Aether,135230,0,3
1438958,cs-go,2026-04-12 02:49:23+00:00,Group B,Open Series #4 2026,137596,Time Waves,138015,Ding Cuts,138015,0,3
1438957,cs-go,2026-04-12 02:49:25+00:00,Group B,Open Series #4 2026,127114,Rooster,137641,The Bardolphs,127114,1,3
1438960,cs-go,2026-04-12 06:12:34+00:00,Group B,Open Series #4 2026,127114,Rooster,138015,Ding Cuts,138015,0,3
1438959,cs-go,2026-04-12 07:34:06+00:00,Group B,Open Series #4 2026,137596,Time Waves,137641,The Bardolphs,137596,1,3
1438961,cs-go,2026-04-12 09:21:05+00:00,Group B,Open Series #4 2026,127114,Rooster,137596,Time Waves,127114,1,3
1431918,cs-go,2026-04-12 09:38:17+00:00,Play-In,Season 7 2026,137080,MANA eSports,136335,Persona Grata,137080,1,3
1400942,cs-go,2026-04-12 09:45:51+00:00,Playoffs,Series 6 2026,130360,ARCRED,129160,MOUZ NXT,130360,1,3
1438943,cs-go,2026-04-12 10:17:29+00:00,Playoffs,Season 47 2026,137324,Imperial Academy,126624,Brute,126624,0,3
1437324,cs-go,2026-04-12 10:37:04+00:00,Playoffs,Season 4 2026,128258,Entropy,133941,Sashi Academy,128258,1,3
1442151,cs-go,2026-04-12 10:55:15+00:00,Contenders Stage,Season 25 2026,135978,eternal premium,130733,KUUSAMO.gg,135978,1,3
1438944,cs-go,2026-04-12 12:22:45+00:00,Playoffs,Season 47 2026,128327,Young Ninjas,137075,Misa Esports,128327,1,3
1400943,cs-go,2026-04-12 12:35:24+00:00,Playoffs,Series 6 2026,138370,Lavked,137701,Bebop,138370,1,3
1431919,cs-go,2026-04-12 12:47:23+00:00,Play-In,Season 7 2026,133269,Leo Team,136900,Ursa,136900,0,3
1437326,cs-go,2026-04-12 12:50:16+00:00,Playoffs,Season 4 2026,128394,AaB Esport,137950,WAZABI,128394,1,3
1438483,cs-go,2026-04-12 15:53:25+00:00,Group Stage,Online Stage 2026,129856,ECSTATIC,137416,TNC,137416,0,1
1437325,cs-go,2026-04-12 15:54:07+00:00,Playoffs,Season 4 2026,128258,Entropy,137950,WAZABI,128258,1,3
1436297,cs-go,2026-04-12 16:16:13+00:00,Playoffs,Season 12 2026,137251, CSDIILIT,130733,KUUSAMO.gg,137251,1,3
1438486,cs-go,2026-04-12 16:59:55+00:00,Group Stage,Online Stage 2026,3217,fnatic,131010,Sashi Esport,131010,0,1
1436327,cs-go,2026-04-12 17:44:47+00:00,Playoffs,Contenders #4 2026,137500,CYBERSHOKE Prospects,134405,Vexar,134405,0,3
1442152,cs-go,2026-04-12 17:45:57+00:00,Contenders Stage,Season 25 2026,137236,3DMAX Academy,133571,Wave Esports,133571,0,3
1431920,cs-go,2026-04-12 17:48:40+00:00,Play-In,Season 7 2026,137701,Bebop,138236,Hashiras,137701,1,3
1438485,cs-go,2026-04-12 17:54:04+00:00,Group Stage,Online Stage 2026,137112,KOLESIE,128327,Young Ninjas,137112,1,1
1436298,cs-go,2026-04-12 18:40:42+00:00,Playoffs,Season 12 2026,3251,ENCE,137251, CSDIILIT,3251,1,3
1437327,cs-go,2026-04-12 18:44:22+00:00,Playoffs,Season 4 2026,128394,AaB Esport,128258,Entropy,128394,1,3
1438484,cs-go,2026-04-12 19:19:30+00:00,Group Stage,Online Stage 2026,131189,EYEBALLERS,133063,UNiTY esports,133063,0,1
1442153,cs-go,2026-04-12 20:09:04+00:00,Contenders Stage,Season 25 2026,138477,CSGOPOSITIVE,137735,Nebula In Chaox,138477,1,3
1436328,cs-go,2026-04-12 20:44:07+00:00,Playoffs,Contenders #4 2026,135227,ENJOY,134405,Vexar,135227,1,3
1431921,cs-go,2026-04-12 21:12:00+00:00,Play-In,Season 7 2026,138370,Lavked,132927,Rune Eaters,138370,1,3
1439649,cs-go,2026-04-12 22:44:43+00:00,Playoffs,Challengers #1 2026,137143,R2 Esports Club,138086,METANOIA WOLVES,138086,0,3
1431981,cs-go,2026-04-12 23:06:42+00:00,Playoffs,Series #4 season 3 2026,132891,Zomblers,133997,regain,133997,0,3
1441139,cs-go,2026-04-13 01:55:42+00:00,Group Stage,Eagle Masters season 7 2026,138378,CHICANERY,137275,mouse,138378,1,3
1431980,cs-go,2026-04-13 01:55:49+00:00,Playoffs,Series #4 season 3 2026,137510,Voca,133538,Akimbo Esports,137510,1,3
1439650,cs-go,2026-04-13 02:58:28+00:00,Playoffs,Challengers #1 2026,137320,Vasco Esports,138276,ALKA GAMING,137320,1,3
1441140,cs-go,2026-04-13 03:24:05+00:00,Group Stage,Eagle Masters season 7 2026,135230,Team Aether,138421,EMPIRE,138421,0,3
1400944,cs-go,2026-04-13 09:40:09+00:00,Playoffs,Series 6 2026,136560,Phantom,136815,HEROIC Academy,136560,1,3
1438945,cs-go,2026-04-13 09:45:01+00:00,Playoffs,Season 47 2026,137075,Misa Esports,138101,Inner Circle Academy,137075,1,3
1400945,cs-go,2026-04-13 13:25:35+00:00,Playoffs,Series 6 2026,137932,ex-RUBY,129440,Metizport,129440,0,3
1443604,cs-go,2026-04-13 13:58:24+00:00,Contenders Stage,Season 25 2026,137235,VP.Future,138405,Z7 Esports,137235,1,3
1438946,cs-go,2026-04-13 14:12:14+00:00,Playoffs,Season 47 2026,137324,Imperial Academy,135474,Fire Flux Esports,135474,0,3
1429125,cs-go,2026-04-13 14:44:24+00:00,Group A,Rio 2026,3455,Vitality,126227,RED Canids,3455,1,3
1438487,cs-go,2026-04-13 15:31:32+00:00,Group Stage,Online Stage 2026,3266,ESC Gaming,137792,Qual4,3266,1,1
1444100,cs-go,2026-04-13 15:50:58+00:00,Regular Season,Advanced Europe season 57 2026,127899,VP.Prodigy,135981,Donstu Esports,135981,0,1
1429126,cs-go,2026-04-13 15:57:45+00:00,Group A,Rio 2026,137296,Gentle Mates,3210,G2,3210,0,3
1438488,cs-go,2026-04-13 16:45:44+00:00,Group Stage,Online Stage 2026,133725,Alliance,125071,Tricked,133725,1,1
1444101,cs-go,2026-04-13 17:12:22+00:00,Regular Season,Advanced Europe season 57 2026,138479,uust _esports,137324,Imperial Academy,138479,1,1
1429127,cs-go,2026-04-13 17:20:11+00:00,Group A,Rio 2026,124523,Spirit,3213,Liquid,124523,1,3
1444103,cs-go,2026-04-13 17:35:01+00:00,Regular Season,Advanced Europe season 57 2026,133991,ZOTIX,135913,Diamant Esports,135913,0,1
1438489,cs-go,2026-04-13 17:46:25+00:00,Group Stage,Online Stage 2026,129160,MOUZ NXT,138496,Clutchain,138496,0,1
1444102,cs-go,2026-04-13 17:46:36+00:00,Regular Season,Advanced Europe season 57 2026,130570,QUAZAR,127899,VP.Prodigy,130570,1,1
1444104,cs-go,2026-04-13 18:00:20+00:00,Regular Season,Advanced Europe season 57 2026,135321,G2 Ares,137356,JUMBO TEAM,135321,1,1
1444144,cs-go,2026-04-13 18:00:37+00:00,Regular Season,Advanced Europe season 57 2026,137075,Misa Esports,137967,ReThink,137075,1,1
1385736,cs-go,2026-04-13 18:02:38+00:00,Group Stage,Season 5 2026,138179,Huskies eSport,138181,Esport BERG,138181,0,3
1429128,cs-go,2026-04-13 18:08:46+00:00,Group A,Rio 2026,3318,3DMAX,130564,Team Falcons,130564,0,3
1444109,cs-go,2026-04-13 18:42:35+00:00,Regular Season,Advanced Europe season 57 2026,138462,Clutchain Female,130570,QUAZAR,130570,0,1
1444153,cs-go,2026-04-13 18:46:20+00:00,Regular Season,Advanced Europe season 57 2026,128629,megoshort,137331,hindsight,128629,1,1
1444154,cs-go,2026-04-13 18:47:40+00:00,Regular Season,Advanced Europe season 57 2026,138560,PeePuP,137538,B8 Academy,137538,0,1
1444110,cs-go,2026-04-13 18:49:02+00:00,Regular Season,Advanced Europe season 57 2026,135978,eternal premium,137474,Oldboys,135978,1,1
1444108,cs-go,2026-04-13 18:59:55+00:00,Regular Season,Advanced Europe season 57 2026,138467,tincan,137660,eLITenergy,137660,0,1
1438490,cs-go,2026-04-13 19:00:26+00:00,Group Stage,Online Stage 2026,127014,Sinners,134188,Johnny Speeds,127014,1,1
1444158,cs-go,2026-04-13 19:43:08+00:00,Regular Season,Advanced Europe season 57 2026,137356,JUMBO TEAM,131591,XI Esport,137356,1,1
1429130,cs-go,2026-04-13 20:25:17+00:00,Group B,Rio 2026,129381,B8,3216,Natus Vincere,3216,0,3
1444159,cs-go,2026-04-13 20:35:55+00:00,Regular Season,Advanced Europe season 57 2026,133991,ZOTIX,137271,FC Famalicão Esports,137271,0,1
1429132,cs-go,2026-04-13 21:09:35+00:00,Group B,Rio 2026,133708,Legacy,3240,MOUZ,3240,0,3
1429129,cs-go,2026-04-13 22:23:49+00:00,Group B,Rio 2026,124530,FURIA,133686,Passion UA,124530,1,3
1429131,cs-go,2026-04-13 23:23:16+00:00,Group B,Rio 2026,131505,Aurora Gaming,130569,HOTU,131505,1,3
1431985,cs-go,2026-04-13 23:25:58+00:00,Playoffs,Series #4 season 3 2026,136318,Marsborne,135230,Team Aether,136318,1,3
1444719,cs-go,2026-04-13 23:40:53+00:00,Playoffs,Challengers #1 2026,137459,Alzon,137143,R2 Esports Club,137143,0,3
1444713,cs-go,2026-04-14 01:45:28+00:00,Playoffs,Challengers #1 2026,138524,QUINTESSÊNCIA,129800,MIBR Academy,129800,0,3
1431984,cs-go,2026-04-14 02:15:46+00:00,Playoffs,Series #4 season 3 2026,137510,Voca,133997,regain,137510,1,3
1445110,cs-go,2026-04-14 03:32:20+00:00,Playoffs,Eagle Masters season 7 2026,138044,FarmVille,132891,Zomblers,132891,0,3
1400946,cs-go,2026-04-14 09:37:27+00:00,Playoffs,Series 6 2026,130360,ARCRED,138370,Lavked,130360,1,3
1438947,cs-go,2026-04-14 10:23:08+00:00,Playoffs,Season 47 2026,126624,Brute,128327,Young Ninjas,128327,0,3
1431922,cs-go,2026-04-14 10:37:31+00:00,Group Stage,Season 7 2026,129160,MOUZ NXT,128519,GenOne,129160,1,3
1400947,cs-go,2026-04-14 12:17:24+00:00,Playoffs,Series 6 2026,136560,Phantom,129440,Metizport,129440,0,3
1438948,cs-go,2026-04-14 12:34:24+00:00,Playoffs,Season 47 2026,137075,Misa Esports,135474,Fire Flux Esports,135474,0,3
1431923,cs-go,2026-04-14 12:37:05+00:00,Group Stage,Season 7 2026,135673,Nuclear TigeRES,138370,Lavked,135673,1,3
1445623,cs-go,2026-04-14 15:50:45+00:00,Regular Season,Advanced Europe season 57 2026,137075,Misa Esports,133125,Aurora Young Blood,137075,1,1
1436300,cs-go,2026-04-14 15:52:27+00:00,Group A,Rio 2026,126227,RED Canids,137296,Gentle Mates,126227,1,3
1438491,cs-go,2026-04-14 16:01:41+00:00,Group Stage,Online Stage 2026,129856,ECSTATIC,134188,Johnny Speeds,129856,1,1
1436299,cs-go,2026-04-14 16:26:34+00:00,Group A,Rio 2026,3455,Vitality,3210,G2,3455,1,3
1431924,cs-go,2026-04-14 16:55:02+00:00,Group Stage,Season 7 2026,137932,ex-RUBY,136560,Phantom,137932,1,3
1438492,cs-go,2026-04-14 17:24:30+00:00,Group Stage,Online Stage 2026,3217,fnatic,131189,EYEBALLERS,131189,0,1
1436302,cs-go,2026-04-14 18:07:39+00:00,Group A,Rio 2026,3213,Liquid,3318,3DMAX,3318,0,3
1433391,cs-go,2026-04-14 18:11:24+00:00,Regular Season,Advanced Europe season 57 2026,137474,Oldboys,133125,Aurora Young Blood,137474,1,1
1436301,cs-go,2026-04-14 18:11:27+00:00,Group A,Rio 2026,124523,Spirit,130564,Team Falcons,130564,0,3
1445605,cs-go,2026-04-14 18:12:48+00:00,Contenders Stage,Season 25 2026,137235,VP.Future,130059,Eternal Fire Academy,130059,0,3
1445624,cs-go,2026-04-14 18:27:11+00:00,Regular Season,Advanced Europe season 57 2026,131591,XI Esport,137271,FC Famalicão Esports,131591,1,1
1438493,cs-go,2026-04-14 18:39:30+00:00,Group Stage,Online Stage 2026,128327,Young Ninjas,125071,Tricked,128327,1,1
1445626,cs-go,2026-04-14 18:44:20+00:00,Regular Season,Advanced Europe season 57 2026,128629,megoshort,138560,PeePuP,128629,1,1
1445625,cs-go,2026-04-14 19:05:44+00:00,Regular Season,Advanced Europe season 57 2026,137500,CYBERSHOKE Prospects,138561,TEAM_COPH9K,138561,0,1
1431925,cs-go,2026-04-14 19:19:08+00:00,Group Stage,Season 7 2026,126944,1WIN,137701,Bebop,126944,1,3
1438494,cs-go,2026-04-14 19:32:53+00:00,Group Stage,Online Stage 2026,129160,MOUZ NXT,137792,Qual4,129160,1,1
1436304,cs-go,2026-04-14 19:53:22+00:00,Group B,Rio 2026,129381,B8,133686,Passion UA,129381,1,3
1445606,cs-go,2026-04-14 20:47:25+00:00,Contenders Stage,Season 25 2026,137236,3DMAX Academy,135326,Wingman,135326,0,3
1436303,cs-go,2026-04-14 21:18:52+00:00,Group B,Rio 2026,3216,Natus Vincere,124530,FURIA,124530,0,3
1436306,cs-go,2026-04-14 22:35:03+00:00,Group B,Rio 2026,133708,Legacy,130569,HOTU,130569,0,3
1444720,cs-go,2026-04-14 22:35:32+00:00,Playoffs,Challengers #1 2026,138276,ALKA GAMING,137892,HereWeGoAgain,138276,1,3
1436305,cs-go,2026-04-14 23:14:23+00:00,Group B,Rio 2026,3240,MOUZ,131505,Aurora Gaming,3240,1,3
1444715,cs-go,2026-04-15 01:32:37+00:00,Playoffs,Challengers #1 2026,128378,Procyon Gaming,138086,METANOIA WOLVES,128378,1,3
1431986,cs-go,2026-04-15 02:02:11+00:00,Playoffs,Series #4 season 3 2026,137510,Voca,136318,Marsborne,136318,0,3
1444716,cs-go,2026-04-15 02:19:59+00:00,Playoffs,Challengers #1 2026,137320,Vasco Esports,137141,Crashers,137320,1,3
1445109,cs-go,2026-04-15 02:58:57+00:00,Playoffs,Eagle Masters season 7 2026,138440,insane players,135230,Team Aether,138440,1,3
1431926,cs-go,2026-04-15 09:40:36+00:00,Group Stage,Season 7 2026,137546,Acend,136900,Ursa,136900,0,3
1400948,cs-go,2026-04-15 10:06:34+00:00,Playoffs,Series 6 2026,138370,Lavked,136560,Phantom,138370,1,3
1438949,cs-go,2026-04-15 11:10:52+00:00,Playoffs,Season 47 2026,126624,Brute,135474,Fire Flux Esports,135474,0,3
1447125,cs-go,2026-04-15 11:51:23+00:00,Main Stage,Season 25 2026,131561,Partizan Esport,132795,INFURITY Gaming,131561,1,3
1447128,cs-go,2026-04-15 13:42:21+00:00,Main Stage,Season 25 2026,136564,Ctrl Alt Defeat,138477,CSGOPOSITIVE,138477,0,3
1431927,cs-go,2026-04-15 13:49:17+00:00,Group Stage,Season 7 2026,134964,Favbet,3266,ESC Gaming,3266,0,3
1436308,cs-go,2026-04-15 14:33:52+00:00,Group A,Rio 2026,3210,G2,3318,3DMAX,3210,1,3
1447108,cs-go,2026-04-15 15:02:13+00:00,Regular Season,Advanced Europe season 57 2026,135227,ENJOY,133125,Aurora Young Blood,133125,0,1
1438495,cs-go,2026-04-15 15:36:39+00:00,Group Stage,Online Stage 2026,138496,Clutchain,127014,Sinners,127014,0,1
1436307,cs-go,2026-04-15 15:43:42+00:00,Group A,Rio 2026,126227,RED Canids,124523,Spirit,124523,0,3
1431928,cs-go,2026-04-15 16:14:18+00:00,Group Stage,Season 7 2026,133542,CYBERSHOKE Esports,133994,Oxuji Esports,133994,0,3
1438496,cs-go,2026-04-15 16:49:32+00:00,Group Stage,Online Stage 2026,137416,TNC,131010,Sashi Esport,131010,0,1
1447109,cs-go,2026-04-15 16:50:46+00:00,Regular Season,Advanced Europe season 57 2026,129468,Glitchtech Esports,137324,Imperial Academy,137324,0,1
1447126,cs-go,2026-04-15 17:00:14+00:00,Main Stage,Season 25 2026,137580, Phantom Academy,137285,Hermine Esports Club,137580,1,3
1447110,cs-go,2026-04-15 17:03:47+00:00,Regular Season,Advanced Europe season 57 2026,132459,ROUNDS,133125,Aurora Young Blood,133125,0,1
1436310,cs-go,2026-04-15 17:17:58+00:00,Group B,Rio 2026,3216,Natus Vincere,130569,HOTU,3216,1,3
1447112,cs-go,2026-04-15 17:27:27+00:00,Regular Season,Advanced Europe season 57 2026,137508,Falcons Force,128935,bankaPEPSI,137508,1,1
1436309,cs-go,2026-04-15 17:40:51+00:00,Group B,Rio 2026,129381,B8,131505,Aurora Gaming,131505,0,3
1447114,cs-go,2026-04-15 18:14:17+00:00,Regular Season,Advanced Europe season 57 2026,137473,OldBoys,137331,hindsight,137473,1,1
1447113,cs-go,2026-04-15 18:14:54+00:00,Regular Season,Advanced Europe season 57 2026,138467,tincan,126515,ENRAGE,126515,0,1
1438497,cs-go,2026-04-15 18:28:04+00:00,Group Stage,Online Stage 2026,137112,KOLESIE,3266,ESC Gaming,137112,1,1
1431929,cs-go,2026-04-15 18:52:16+00:00,Group Stage,Season 7 2026,137948,TDK,137080,MANA eSports,137948,1,3
1447115,cs-go,2026-04-15 18:58:03+00:00,Regular Season,Advanced Europe season 57 2026,138462,Clutchain Female,134037,Banger Gang,138462,1,1
1447120,cs-go,2026-04-15 18:59:32+00:00,Regular Season,Advanced Europe season 57 2026,137449,OlyBet SB,137943,LFO,137943,0,1
1447117,cs-go,2026-04-15 19:02:38+00:00,Regular Season,Advanced Europe season 57 2026,138479,uust _esports,135981,Donstu Esports,135981,0,1
1385735,cs-go,2026-04-15 19:05:31+00:00,Group Stage,Season 5 2026,138180,FROX,135450,Regnum4Games,135450,0,3
1447122,cs-go,2026-04-15 19:14:20+00:00,Regular Season,Advanced Europe season 57 2026,131162,BIG EQUIPA,138560,PeePuP,138560,0,1
1438498,cs-go,2026-04-15 19:15:12+00:00,Group Stage,Online Stage 2026,133725,Alliance,133063,UNiTY esports,133725,1,1
1447116,cs-go,2026-04-15 19:27:01+00:00,Regular Season,Advanced Europe season 57 2026,130570,QUAZAR,138419,PURE,130570,1,1
1436312,cs-go,2026-04-15 19:55:06+00:00,Group A,Rio 2026,124523,Spirit,3210,G2,124523,1,3
1447127,cs-go,2026-04-15 20:58:54+00:00,Main Stage,Season 25 2026,136786,LPH Gaming,130059,Eternal Fire Academy,130059,0,3
1385734,cs-go,2026-04-15 20:59:24+00:00,Group Stage,Season 5 2026,138304,Team AceZone,126694,BIG Academy,126694,0,3
1436311,cs-go,2026-04-15 21:10:05+00:00,Group A,Rio 2026,3455,Vitality,130564,Team Falcons,130564,0,3
1436314,cs-go,2026-04-15 23:12:03+00:00,Group B,Rio 2026,3216,Natus Vincere,131505,Aurora Gaming,3216,1,3
1436313,cs-go,2026-04-15 23:16:52+00:00,Group B,Rio 2026,124530,FURIA,3240,MOUZ,124530,1,3
1447257,cs-go,2026-04-15 23:43:54+00:00,Playoffs,Challengers #1 2026,138086,METANOIA WOLVES,137468,Vexa,137468,0,3
1447256,cs-go,2026-04-16 00:03:49+00:00,Playoffs,Challengers #1 2026,137141,Crashers,131849,paiN Academy,131849,0,3
1445111,cs-go,2026-04-16 01:28:12+00:00,Playoffs,Eagle Masters season 7 2026,133997,regain,138421,EMPIRE,133997,1,3
1447258,cs-go,2026-04-16 01:55:43+00:00,Playoffs,Challengers #1 2026,135743,BESTIA Academy,137143,R2 Esports Club,137143,0,3
1447259,cs-go,2026-04-16 03:00:15+00:00,Playoffs,Challengers #1 2026,138524,QUINTESSÊNCIA,138276,ALKA GAMING,138276,0,3
1431930,cs-go,2026-04-16 09:43:47+00:00,Group Stage,Season 7 2026,138370,Lavked,137701,Bebop,138370,1,3
1438951,cs-go,2026-04-16 10:47:59+00:00,Playoffs,Season 47 2026,128327,Young Ninjas,135474,Fire Flux Esports,128327,1,3
1400949,cs-go,2026-04-16 11:43:20+00:00,Playoffs,Series 6 2026,130360,ARCRED,129440,Metizport,129440,0,5
1431931,cs-go,2026-04-16 13:06:29+00:00,Group Stage,Season 7 2026,3266,ESC Gaming,136900,Ursa,3266,1,3
1447166,cs-go,2026-04-16 14:12:41+00:00,Main Stage,Season 25 2026,134320,aimclub,135326,Wingman,134320,1,3
1448718,cs-go,2026-04-16 15:20:14+00:00,Regular Season,Advanced Europe season 57 2026,137500,CYBERSHOKE Prospects,128935,bankaPEPSI,137500,1,1
1431932,cs-go,2026-04-16 15:57:35+00:00,Group Stage,Season 7 2026,126944,1WIN,135673,Nuclear TigeRES,135673,0,3
1448720,cs-go,2026-04-16 16:55:01+00:00,Regular Season,Advanced Europe season 57 2026,137271,FC Famalicão Esports,128935,bankaPEPSI,128935,0,1
1447111,cs-go,2026-04-16 17:02:46+00:00,Regular Season,Advanced Europe season 57 2026,138479,uust _esports,126515,ENRAGE,126515,0,1
1448719,cs-go,2026-04-16 17:02:54+00:00,Regular Season,Advanced Europe season 57 2026,137500,CYBERSHOKE Prospects,128629,megoshort,128629,0,1
1447167,cs-go,2026-04-16 17:52:00+00:00,Main Stage,Season 25 2026,128766,Spirit Academy,133571,Wave Esports,128766,1,3
1448721,cs-go,2026-04-16 18:05:30+00:00,Regular Season,Advanced Europe season 57 2026,138419,PURE,126515,ENRAGE,126515,0,1
1436243,cs-go,2026-04-16 18:34:24+00:00,Regular Season,Advanced Europe season 57 2026,135978,eternal premium,135227,ENJOY,135227,0,1
1431933,cs-go,2026-04-16 18:48:58+00:00,Group Stage,Season 7 2026,136560,Phantom,128519,GenOne,128519,0,3
1448722,cs-go,2026-04-16 18:52:19+00:00,Regular Season,Advanced Europe season 57 2026,137271,FC Famalicão Esports,138478,Project 91,138478,0,1
1448772,cs-go,2026-04-16 19:27:04+00:00,Group B,April 2026,137459,Alzon,129384,FURIA fe,129384,0,1
1448723,cs-go,2026-04-16 19:44:47+00:00,Regular Season,Advanced Europe season 57 2026,137943,LFO,137331,hindsight,137943,1,1
1448724,cs-go,2026-04-16 19:58:59+00:00,Regular Season,Advanced Europe season 57 2026,137449,OlyBet SB,138561,TEAM_COPH9K,137449,1,1
1447168,cs-go,2026-04-16 20:52:37+00:00,Main Stage,Season 25 2026,134057,HAVENs,137735,Nebula In Chaox,137735,0,3
1447263,cs-go,2026-04-16 22:59:21+00:00,Playoffs,Challengers #1 2026,137143,R2 Esports Club,138276,ALKA GAMING,138276,0,3
1447262,cs-go,2026-04-16 23:39:41+00:00,Playoffs,Challengers #1 2026,131849,paiN Academy,137468,Vexa,131849,1,3
1445112,cs-go,2026-04-17 01:14:59+00:00,Playoffs,Eagle Masters season 7 2026,133538,Akimbo Esports,138378,CHICANERY,133538,1,3
1447260,cs-go,2026-04-17 02:12:48+00:00,Playoffs,Challengers #1 2026,129800,MIBR Academy,130605,UNO MILLE,129800,1,3
1447261,cs-go,2026-04-17 02:33:13+00:00,Playoffs,Challengers #1 2026,128378,Procyon Gaming,137320,Vasco Esports,137320,0,3
1450385,cs-go,2026-04-17 10:05:02+00:00,Group A,Regular season 4 2026,128394,AaB Esport,126694,BIG Academy,126694,0,3
1431934,cs-go,2026-04-17 10:47:35+00:00,Group Stage,Season 7 2026,137948,TDK,133994,Oxuji Esports,137948,1,3
1449856,cs-go,2026-04-17 11:42:42+00:00,Main Stage,Season 25 2026,131561,Partizan Esport,137735,Nebula In Chaox,131561,1,3
1431935,cs-go,2026-04-17 13:18:51+00:00,Group Stage,Season 7 2026,137546,Acend,134964,Favbet,137546,1,3
1450386,cs-go,2026-04-17 14:11:04+00:00,Group A,Regular season 4 2026,131591,XI Esport,136593,Sangal ALTERS,131591,1,3
1449857,cs-go,2026-04-17 14:57:41+00:00,Main Stage,Season 25 2026,134320,aimclub,138146,Drama eSports,134320,1,3
1431936,cs-go,2026-04-17 15:54:20+00:00,Group Stage,Season 7 2026,129160,MOUZ NXT,137932,ex-RUBY,137932,0,3
1436336,cs-go,2026-04-17 16:47:15+00:00,Playoffs,Rio 2026,124523,Spirit,3240,MOUZ,124523,1,3
1449858,cs-go,2026-04-17 17:47:20+00:00,Main Stage,Season 25 2026,130059,Eternal Fire Academy,138477,CSGOPOSITIVE,130059,1,3
1431937,cs-go,2026-04-17 18:37:20+00:00,Group Stage,Season 7 2026,133542,CYBERSHOKE Esports,137080,MANA eSports,133542,1,3
1438016,cs-go,2026-04-17 18:48:13+00:00,Regular Season,Advanced Europe season 57 2026,132459,ROUNDS,135978,eternal premium,135978,0,1
1436337,cs-go,2026-04-17 19:59:25+00:00,Playoffs,Rio 2026,3455,Vitality,3216,Natus Vincere,3455,1,3
1449859,cs-go,2026-04-17 20:26:07+00:00,Main Stage,Season 25 2026,137580, Phantom Academy,128766,Spirit Academy,128766,0,3
1447269,cs-go,2026-04-17 23:54:13+00:00,Playoffs,Challengers #1 2026,128378,Procyon Gaming,131849,paiN Academy,128378,1,3
1447270,cs-go,2026-04-18 01:23:28+00:00,Playoffs,Challengers #1 2026,130605,UNO MILLE,138276,ALKA GAMING,130605,1,3
1438963,cs-go,2026-04-18 02:43:02+00:00,Playoffs,Open Series #4 2026,133211,DXA Esports,138015,Ding Cuts,138015,0,3
1438962,cs-go,2026-04-18 02:45:25+00:00,Playoffs,Open Series #4 2026,138092,Abyssal,127114,Rooster,127114,0,3
1448784,cs-go,2026-04-18 02:49:16+00:00,Playoffs,Eagle Masters season 7 2026,138440,insane players,132891,Zomblers,138440,1,3
1438964,cs-go,2026-04-18 06:08:49+00:00,Playoffs,Open Series #4 2026,127114,Rooster,138015,Ding Cuts,127114,1,3
1438965,cs-go,2026-04-18 06:08:57+00:00,Playoffs,Open Series #4 2026,138092,Abyssal,133211,DXA Esports,138092,1,3
1451289,cs-go,2026-04-18 09:47:30+00:00,Group B,Regular season 4 2026,136786,LPH Gaming,126491,NAVI Junior,126491,0,3
1431938,cs-go,2026-04-18 10:23:56+00:00,Group Stage,Season 7 2026,133994,Oxuji Esports,138370,Lavked,133994,1,3
1448788,cs-go,2026-04-18 10:45:56+00:00,Group A,Season 5 2026,128394,AaB Esport,138581,ELITEN,128394,1,1
1448804,cs-go,2026-04-18 10:55:17+00:00,Group B,Season 5 2026,137416,TNC,138582,Dua Lipa Enjoyers,137416,1,1
1448803,cs-go,2026-04-18 11:04:28+00:00,Group B,Season 5 2026,134251,Rebels Gaming,138486,ImmuNe,134251,1,1
1449860,cs-go,2026-04-18 11:05:30+00:00,Main Stage,Season 25 2026,132795,INFURITY Gaming,137285,Hermine Esports Club,132795,1,3
1448789,cs-go,2026-04-18 11:07:57+00:00,Group A,Season 5 2026,127976,Infinite,131591,XI Esport,131591,0,1
1451839,cs-go,2026-04-18 11:57:40+00:00,Group B,Regular season 4 2026,138129,BOJONG,138578,MASQ,138129,1,3
1448805,cs-go,2026-04-18 11:59:52+00:00,Group B,Season 5 2026,133941,Sashi Academy,138405,Z7 Esports,133941,1,1
1449720,cs-go,2026-04-18 12:05:39+00:00,Playoffs,Challengers Series 1 2026,138462,Clutchain Female,138026,Atreides,138026,0,3
1448791,cs-go,2026-04-18 12:10:48+00:00,Group A,Season 5 2026,128394,AaB Esport,131591,XI Esport,128394,1,1
1448790,cs-go,2026-04-18 12:41:11+00:00,Group A,Season 5 2026,138089,zajezdzacze,137580, Phantom Academy,137580,0,1
1448806,cs-go,2026-04-18 12:48:58+00:00,Group B,Season 5 2026,134251,Rebels Gaming,138582,Dua Lipa Enjoyers,134251,1,1
1431939,cs-go,2026-04-18 12:58:58+00:00,Group Stage,Season 7 2026,137546,Acend,128519,GenOne,137546,1,3
1448792,cs-go,2026-04-18 13:28:07+00:00,Group A,Season 5 2026,138581,ELITEN,137580, Phantom Academy,137580,0,1
1448808,cs-go,2026-04-18 13:33:41+00:00,Group B,Season 5 2026,137416,TNC,133941,Sashi Academy,133941,0,1
1449721,cs-go,2026-04-18 13:37:44+00:00,Playoffs,Challengers Series 1 2026,136815,HEROIC Academy,130590,The Last Resort,130590,0,3
1448807,cs-go,2026-04-18 13:40:45+00:00,Group B,Season 5 2026,138486,ImmuNe,138405,Z7 Esports,138405,0,1
1449861,cs-go,2026-04-18 13:50:41+00:00,Main Stage,Season 25 2026,134057,HAVENs,136564,Ctrl Alt Defeat,134057,1,3
1448793,cs-go,2026-04-18 13:52:43+00:00,Group A,Season 5 2026,127976,Infinite,138089,zajezdzacze,127976,1,1
1448810,cs-go,2026-04-18 15:05:24+00:00,Group B,Season 5 2026,138582,Dua Lipa Enjoyers,133941,Sashi Academy,133941,0,1
1448794,cs-go,2026-04-18 15:21:00+00:00,Group A,Season 5 2026,128394,AaB Esport,137580, Phantom Academy,128394,1,1
1448795,cs-go,2026-04-18 15:23:30+00:00,Group A,Season 5 2026,131591,XI Esport,138089,zajezdzacze,138089,0,1
1448809,cs-go,2026-04-18 15:23:50+00:00,Group B,Season 5 2026,134251,Rebels Gaming,138405,Z7 Esports,134251,1,1
1431940,cs-go,2026-04-18 15:43:25+00:00,Group Stage,Season 7 2026,137948,TDK,137932,ex-RUBY,137948,1,3
1449722,cs-go,2026-04-18 15:57:55+00:00,Playoffs,Challengers Series 1 2026,127899,VP.Prodigy,135981,Donstu Esports,135981,0,3
1449723,cs-go,2026-04-18 16:04:21+00:00,Playoffs,Challengers Series 1 2026,130594,Dripmen,138407,playersclub,138407,0,3
1448797,cs-go,2026-04-18 16:29:48+00:00,Group A,Season 5 2026,128394,AaB Esport,138089,zajezdzacze,138089,0,1
1448811,cs-go,2026-04-18 16:30:03+00:00,Group B,Season 5 2026,138486,ImmuNe,137416,TNC,137416,0,1
1448796,cs-go,2026-04-18 16:32:35+00:00,Group A,Season 5 2026,138581,ELITEN,127976,Infinite,127976,0,1
1436338,cs-go,2026-04-18 16:40:16+00:00,Playoffs,Rio 2026,130564,Team Falcons,124523,Spirit,124523,0,3
1448812,cs-go,2026-04-18 16:58:23+00:00,Group B,Season 5 2026,134251,Rebels Gaming,133941,Sashi Academy,134251,1,1
1448799,cs-go,2026-04-18 17:57:00+00:00,Group A,Season 5 2026,131591,XI Esport,138581,ELITEN,131591,1,1
1448814,cs-go,2026-04-18 18:00:08+00:00,Group B,Season 5 2026,138582,Dua Lipa Enjoyers,138486,ImmuNe,138486,0,1
1448813,cs-go,2026-04-18 18:04:51+00:00,Group B,Season 5 2026,138405,Z7 Esports,137416,TNC,137416,0,1
1448798,cs-go,2026-04-18 18:10:23+00:00,Group A,Season 5 2026,137580, Phantom Academy,127976,Infinite,137580,1,1
1431941,cs-go,2026-04-18 19:16:42+00:00,Group Stage,Season 7 2026,134964,Favbet,136560,Phantom,134964,1,3
1448801,cs-go,2026-04-18 19:27:22+00:00,Group A,Season 5 2026,138089,zajezdzacze,138581,ELITEN,138089,1,1
1448800,cs-go,2026-04-18 19:28:55+00:00,Group A,Season 5 2026,128394,AaB Esport,127976,Infinite,127976,0,1
1448816,cs-go,2026-04-18 19:40:26+00:00,Group B,Season 5 2026,133941,Sashi Academy,138486,ImmuNe,133941,1,1
1448815,cs-go,2026-04-18 19:49:11+00:00,Group B,Season 5 2026,134251,Rebels Gaming,137416,TNC,137416,0,1
1449863,cs-go,2026-04-18 19:50:28+00:00,Main Stage,Season 25 2026,135326,Wingman,133571,Wave Esports,135326,1,3
1436339,cs-go,2026-04-18 20:23:17+00:00,Playoffs,Rio 2026,124530,FURIA,3455,Vitality,3455,0,3
1448802,cs-go,2026-04-18 20:34:12+00:00,Group A,Season 5 2026,137580, Phantom Academy,131591,XI Esport,131591,0,1
1448817,cs-go,2026-04-18 20:46:59+00:00,Group B,Season 5 2026,138405,Z7 Esports,138582,Dua Lipa Enjoyers,138582,0,1
1447271,cs-go,2026-04-18 22:36:23+00:00,Playoffs,Challengers #1 2026,129800,MIBR Academy,137320,Vasco Esports,129800,1,3
1447264,cs-go,2026-04-19 01:56:00+00:00,Playoffs,Challengers #1 2026,128378,Procyon Gaming,130605,UNO MILLE,130605,0,3
1448785,cs-go,2026-04-19 02:33:31+00:00,Playoffs,Eagle Masters season 7 2026,133997,regain,133538,Akimbo Esports,133538,0,3
1438966,cs-go,2026-04-19 06:26:21+00:00,Playoffs,Open Series #4 2026,138015,Ding Cuts,138092,Abyssal,138092,0,3
1448821,cs-go,2026-04-19 09:41:18+00:00,Playoffs,Season 5 2026,133941,Sashi Academy,127976,Infinite,127976,0,3
1448819,cs-go,2026-04-19 09:52:32+00:00,Playoffs,Season 5 2026,137416,TNC,137580, Phantom Academy,137416,1,3
1448818,cs-go,2026-04-19 09:52:47+00:00,Playoffs,Season 5 2026,138089,zajezdzacze,138486,ImmuNe,138089,1,3
1431942,cs-go,2026-04-19 09:57:25+00:00,Group Stage,Season 7 2026,129160,MOUZ NXT,136900,Ursa,129160,1,3
1448820,cs-go,2026-04-19 10:51:59+00:00,Playoffs,Season 5 2026,131591,XI Esport,134251,Rebels Gaming,134251,0,3
1438967,cs-go,2026-04-19 11:01:47+00:00,Playoffs,Open Series #4 2026,127114,Rooster,138092,Abyssal,138092,0,3
1451290,cs-go,2026-04-19 11:13:29+00:00,Group C,Regular season 4 2026,136846,Prestige,137324,Imperial Academy,137324,0,3
1453427,cs-go,2026-04-19 11:13:55+00:00,Group A,Season 48 2026,138281,Passion Academy,136593,Sangal ALTERS,138281,1,3
1452824,cs-go,2026-04-19 11:20:35+00:00,Main Stage,Season 25 2026,131561,Partizan Esport,134320,aimclub,131561,1,3
1448830,cs-go,2026-04-19 12:34:25+00:00,Playoffs,Season 5 2026,137580, Phantom Academy,138486,ImmuNe,137580,1,3
1453428,cs-go,2026-04-19 12:56:50+00:00,Group A,Season 48 2026,138609,Golden Five,136786,LPH Gaming,136786,0,3
1431944,cs-go,2026-04-19 13:28:21+00:00,Group Stage,Season 7 2026,135673,Nuclear TigeRES,3266,ESC Gaming,3266,0,3
1452825,cs-go,2026-04-19 13:57:27+00:00,Main Stage,Season 25 2026,136564,Ctrl Alt Defeat,133571,Wave Esports,136564,1,3
1449725,cs-go,2026-04-19 14:00:24+00:00,Playoffs,Challengers Series 1 2026,126624,Brute,128327,Young Ninjas,126624,1,3
1448831,cs-go,2026-04-19 14:04:16+00:00,Playoffs,Season 5 2026,133941,Sashi Academy,131591,XI Esport,131591,0,3
1453385,cs-go,2026-04-19 14:06:00+00:00,Regular Season,Advanced Europe season 57 2026,137473,OldBoys,129468,Glitchtech Esports,137473,1,1
1436341,cs-go,2026-04-19 15:35:38+00:00,Playoffs,Rio 2026,130564,Team Falcons,124530,FURIA,130564,1,3
1449727,cs-go,2026-04-19 15:45:27+00:00,Playoffs,Challengers Series 1 2026,137660,eLITenergy,134320,aimclub,137660,1,3
1431943,cs-go,2026-04-19 15:54:57+00:00,Group Stage,Season 7 2026,126944,1WIN,133542,CYBERSHOKE Esports,133542,0,3
1448822,cs-go,2026-04-19 16:24:27+00:00,Playoffs,Season 5 2026,137416,TNC,138089,zajezdzacze,138089,0,3
1438502,cs-go,2026-04-19 16:59:44+00:00,Group Stage,Online Stage 2026,138496,Clutchain,133063,UNiTY esports,133063,0,1
1448823,cs-go,2026-04-19 17:05:26+00:00,Playoffs,Season 5 2026,127976,Infinite,134251,Rebels Gaming,127976,1,3
1453386,cs-go,2026-04-19 17:08:24+00:00,Regular Season,Advanced Europe season 57 2026,138465,Arch,138471,Nerve of Cow,138465,1,1
1438501,cs-go,2026-04-19 18:02:04+00:00,Group Stage,Online Stage 2026,131189,EYEBALLERS,129160,MOUZ NXT,131189,1,1
1431945,cs-go,2026-04-19 18:39:25+00:00,Group Stage,Season 7 2026,137080,MANA eSports,137701,Bebop,137701,0,3
1448829,cs-go,2026-04-19 19:41:21+00:00,Playoffs,Season 5 2026,131591,XI Esport,137416,TNC,137416,0,3
1436342,cs-go,2026-04-19 20:11:22+00:00,Playoffs,Rio 2026,124523,Spirit,3455,Vitality,3455,0,5
1452827,cs-go,2026-04-19 20:18:33+00:00,Main Stage,Season 25 2026,137285,Hermine Esports Club,135978,eternal premium,135978,0,3
1448828,cs-go,2026-04-19 21:14:43+00:00,Playoffs,Season 5 2026,137580, Phantom Academy,134251,Rebels Gaming,134251,0,3
1447265,cs-go,2026-04-19 22:51:33+00:00,Playoffs,Challengers #1 2026,137320,Vasco Esports,130605,UNO MILLE,130605,0,3
1447268,cs-go,2026-04-20 01:22:31+00:00,Playoffs,Challengers #1 2026,129800,MIBR Academy,130605,UNO MILLE,130605,0,3
1448787,cs-go,2026-04-20 02:00:42+00:00,Playoffs,Eagle Masters season 7 2026,138440,insane players,133538,Akimbo Esports,138440,1,3
1448827,cs-go,2026-04-20 09:46:49+00:00,Playoffs,Season 5 2026,137416,TNC,134251,Rebels Gaming,137416,1,3
1453429,cs-go,2026-04-20 10:14:19+00:00,Group B,Season 48 2026,137324,Imperial Academy,132795,INFURITY Gaming,132795,0,3
1451291,cs-go,2026-04-20 10:42:49+00:00,Group D,Regular season 4 2026,130733,KUUSAMO.gg,135474,Fire Flux Esports,130733,1,3
1431946,cs-go,2026-04-20 11:42:46+00:00,Group Stage,Season 7 2026,129160,MOUZ NXT,133542,CYBERSHOKE Esports,133542,0,3
1451292,cs-go,2026-04-20 12:31:06+00:00,Group D,Regular season 4 2026,136539,ALGO Esports,137967,ReThink,136539,1,3
1453430,cs-go,2026-04-20 12:32:48+00:00,Group B,Season 48 2026,126694,BIG Academy,128394,AaB Esport,128394,0,3
1448824,cs-go,2026-04-20 12:37:53+00:00,Playoffs,Season 5 2026,138089,zajezdzacze,127976,Infinite,127976,0,3
1449732,cs-go,2026-04-20 12:46:50+00:00,Playoffs,Challengers Series 1 2026,130594,Dripmen,128327,Young Ninjas,128327,0,3
1449729,cs-go,2026-04-20 14:06:54+00:00,Playoffs,Challengers Series 1 2026,136815,HEROIC Academy,134320,aimclub,134320,0,3
1452829,cs-go,2026-04-20 14:33:35+00:00,Main Stage,Season 25 2026,138146,Drama eSports,135326,Wingman,135326,0,3
1431947,cs-go,2026-04-20 14:36:59+00:00,Group Stage,Season 7 2026,135673,Nuclear TigeRES,137546,Acend,135673,1,3
1448826,cs-go,2026-04-20 15:34:33+00:00,Playoffs,Season 5 2026,137416,TNC,138089,zajezdzacze,138089,0,3
1449735,cs-go,2026-04-20 16:11:19+00:00,Playoffs,Challengers Series 1 2026,138026,Atreides,134815,RUSTEC,134815,0,3
1448781,cs-go,2026-04-20 16:40:37+00:00,Group Stage,Season 32 2026,129876,Linx Legacy Esport,128432,struggletony,128432,0,3
1452830,cs-go,2026-04-20 16:52:00+00:00,Main Stage,Season 25 2026,137580, Phantom Academy,134057,HAVENs,137580,1,3
1447118,cs-go,2026-04-20 16:53:02+00:00,Regular Season,Advanced Europe season 57 2026,137474,Oldboys,137967,ReThink,137474,1,1
1431948,cs-go,2026-04-20 16:53:35+00:00,Group Stage,Season 7 2026,137932,ex-RUBY,133994,Oxuji Esports,137932,1,3
1449734,cs-go,2026-04-20 16:58:16+00:00,Playoffs,Challengers Series 1 2026,138407,playersclub,126624,Brute,138407,1,3
1454773,cs-go,2026-04-20 17:35:17+00:00,Regular Season,Advanced Europe season 57 2026,126515,ENRAGE,129468,Glitchtech Esports,126515,1,1
1438503,cs-go,2026-04-20 17:47:46+00:00,Group Stage,Online Stage 2026,127014,Sinners,131010,Sashi Esport,131010,0,3
1448774,cs-go,2026-04-20 18:08:28+00:00,Group Stage,Season 32 2026,137861,STATE,138580,Washed,138580,0,3
1454776,cs-go,2026-04-20 18:41:49+00:00,Regular Season,Advanced Europe season 57 2026,133125,Aurora Young Blood,138471,Nerve of Cow,133125,1,1
1454775,cs-go,2026-04-20 18:48:10+00:00,Regular Season,Advanced Europe season 57 2026,133991,ZOTIX,138462,Clutchain Female,133991,1,1
1454777,cs-go,2026-04-20 18:50:05+00:00,Regular Season,Advanced Europe season 57 2026,132459,ROUNDS,135669,8Sins,132459,1,1
1448825,cs-go,2026-04-20 18:51:09+00:00,Playoffs,Season 5 2026,127976,Infinite,138089,zajezdzacze,127976,1,3
1454778,cs-go,2026-04-20 18:53:08+00:00,Regular Season,Advanced Europe season 57 2026,137474,Oldboys,137473,OldBoys,137474,1,1
1454786,cs-go,2026-04-20 18:55:36+00:00,Regular Season,Advanced Europe season 57 2026,130590,The Last Resort,129468,Glitchtech Esports,129468,0,1
1385738,cs-go,2026-04-20 18:55:47+00:00,Group Stage,Season 5 2026,138178,Team LEISURE,138180,FROX,138178,1,3
1454789,cs-go,2026-04-20 18:55:58+00:00,Regular Season,Advanced Europe season 57 2026,131162,BIG EQUIPA,137508,Falcons Force,137508,0,1
1454783,cs-go,2026-04-20 18:58:16+00:00,Regular Season,Advanced Europe season 57 2026,130570,QUAZAR,138478,Project 91,130570,1,1
1454784,cs-go,2026-04-20 18:58:37+00:00,Regular Season,Advanced Europe season 57 2026,126515,ENRAGE,135981,Donstu Esports,126515,1,1
1454782,cs-go,2026-04-20 19:00:50+00:00,Regular Season,Advanced Europe season 57 2026,135913,Diamant Esports,137271,FC Famalicão Esports,137271,0,1
1454780,cs-go,2026-04-20 19:03:29+00:00,Regular Season,Advanced Europe season 57 2026,138129,BOJONG,137967,ReThink,137967,0,1
1454790,cs-go,2026-04-20 19:38:05+00:00,Regular Season,Advanced Europe season 57 2026,138471,Nerve of Cow,137324,Imperial Academy,137324,0,1
1454792,cs-go,2026-04-20 19:56:51+00:00,Regular Season,Advanced Europe season 57 2026,135321,G2 Ares,138478,Project 91,135321,1,1
1452831,cs-go,2026-04-20 20:01:38+00:00,Main Stage,Season 25 2026,137735,Nebula In Chaox,136786,LPH Gaming,137735,1,3
1449853,cs-go,2026-04-20 20:13:46+00:00,Group C,April 2026,138276,ALKA GAMING,131161,Players,138276,1,1
1451798,cs-go,2026-04-20 20:17:55+00:00,Group A,April 2026,135505,RED Canids Academy,138524,QUINTESSÊNCIA,138524,0,1
1438505,cs-go,2026-04-20 21:03:16+00:00,Group Stage,Online Stage 2026,125071,Tricked,134188,Johnny Speeds,125071,1,3
1448776,cs-go,2026-04-20 21:07:52+00:00,Group Stage,Season 32 2026,127911,MASONIC,137951,Invicta,127911,1,3
1448773,cs-go,2026-04-20 21:40:41+00:00,Group C,April 2026,129800,MIBR Academy,137468,Vexa,129800,1,1
1451287,cs-go,2026-04-20 22:02:34+00:00,Group B,April 2026,138086,METANOIA WOLVES,131849,paiN Academy,138086,1,1
1448771,cs-go,2026-04-20 22:32:37+00:00,Group D,April 2026,131848,largadosypelados,138574,9daplug,131848,1,1
1451288,cs-go,2026-04-21 09:38:06+00:00,Group A,Regular season 4 2026,128394,AaB Esport,136593,Sangal ALTERS,128394,1,3
1431949,cs-go,2026-04-21 10:11:36+00:00,Group Stage,Season 7 2026,136900,Ursa,137701,Bebop,136900,1,3
1453431,cs-go,2026-04-21 10:34:28+00:00,Group C,Season 48 2026,135474,Fire Flux Esports,136539,ALGO Esports,135474,1,3
1451840,cs-go,2026-04-21 12:00:39+00:00,Group A,Regular season 4 2026,126694,BIG Academy,131591,XI Esport,126694,1,3
1456252,cs-go,2026-04-21 13:28:43+00:00,Main Stage,Season 25 2026,134320,aimclub,138477,CSGOPOSITIVE,138477,0,3
1431950,cs-go,2026-04-21 13:34:04+00:00,Group Stage,Season 7 2026,126944,1WIN,128519,GenOne,128519,0,3
1449731,cs-go,2026-04-21 15:22:01+00:00,Playoffs,Challengers Series 1 2026,130590,The Last Resort,137660,eLITenergy,137660,0,3
1449730,cs-go,2026-04-21 15:59:06+00:00,Playoffs,Challengers Series 1 2026,135981,Donstu Esports,126417,Lilmix,135981,1,3
1456253,cs-go,2026-04-21 16:31:20+00:00,Main Stage,Season 25 2026,130059,Eternal Fire Academy,137580, Phantom Academy,130059,1,3
1451861,cs-go,2026-04-21 16:53:32+00:00,Group C,Regular season 4 2026,138405,Z7 Esports,133941,Sashi Academy,133941,0,3
1431951,cs-go,2026-04-21 16:57:53+00:00,Group Stage,Season 7 2026,134964,Favbet,138370,Lavked,134964,1,3
1438504,cs-go,2026-04-21 17:39:47+00:00,Group Stage,Online Stage 2026,137112,KOLESIE,133725,Alliance,133725,0,3
1438506,cs-go,2026-04-21 19:23:01+00:00,Group Stage,Online Stage 2026,3217,fnatic,137792,Qual4,3217,1,3
1456254,cs-go,2026-04-21 20:02:29+00:00,Main Stage,Season 25 2026,135326,Wingman,137735,Nebula In Chaox,137735,0,3
1452815,cs-go,2026-04-22 09:11:49+00:00,Group B,Regular season 4 2026,136786,LPH Gaming,138578,MASQ,136786,1,3
1453434,cs-go,2026-04-22 09:44:32+00:00,Group D,Season 48 2026,130733,KUUSAMO.gg,138405,Z7 Esports,130733,1,3
1431952,cs-go,2026-04-22 11:14:47+00:00,Group Stage,Season 7 2026,128519,GenOne,136900,Ursa,136900,0,3
1452816,cs-go,2026-04-22 12:08:38+00:00,Group B,Regular season 4 2026,126491,NAVI Junior,138129,BOJONG,126491,1,3
1449736,cs-go,2026-04-22 12:32:47+00:00,Playoffs,Challengers Series 1 2026,138026,Atreides,127899,VP.Prodigy,138026,1,3
1449737,cs-go,2026-04-22 13:39:00+00:00,Playoffs,Challengers Series 1 2026,126624,Brute,134320,aimclub,126624,1,3
1431953,cs-go,2026-04-22 14:09:48+00:00,Group Stage,Season 7 2026,137546,Acend,129160,MOUZ NXT,137546,1,3
1453432,cs-go,2026-04-22 14:29:10+00:00,Group D,Season 48 2026,137967,ReThink,131591,XI Esport,131591,0,3
1456406,cs-go,2026-04-22 14:46:03+00:00,Playoffs,Europe Cup #4 season 51 2026,132927,Rune Eaters,137881,rottweilers,132927,1,3
1456404,cs-go,2026-04-22 14:47:33+00:00,Playoffs,Europe Cup #4 season 51 2026,138236,Hashiras,134815,RUSTEC,138236,1,3
1456408,cs-go,2026-04-22 15:03:25+00:00,Playoffs,Europe Cup #4 season 51 2026,138612,Julie&cie,126694,BIG Academy,126694,0,3
1457361,cs-go,2026-04-22 15:08:58+00:00,Main Stage,Season 25 2026,132795,INFURITY Gaming,138146,Drama eSports,138146,0,3
1456401,cs-go,2026-04-22 15:42:09+00:00,Playoffs,Europe Cup #4 season 51 2026,137500,CYBERSHOKE Prospects,130594,Dripmen,137500,1,3
1449738,cs-go,2026-04-22 16:02:40+00:00,Playoffs,Challengers Series 1 2026,130590,The Last Resort,128327,Young Ninjas,128327,0,3
1456403,cs-go,2026-04-22 16:22:23+00:00,Playoffs,Europe Cup #4 season 51 2026,138026,Atreides,136516,BASEMENT BOYS,138026,1,3
1438507,cs-go,2026-04-22 16:43:01+00:00,Group Stage,Online Stage 2026,133063,UNiTY esports,137112,KOLESIE,137112,0,3
1431954,cs-go,2026-04-22 16:47:40+00:00,Group Stage,Season 7 2026,134964,Favbet,133994,Oxuji Esports,133994,0,3
1457362,cs-go,2026-04-22 16:55:54+00:00,Main Stage,Season 25 2026,136786,LPH Gaming,136564,Ctrl Alt Defeat,136786,1,3
1385740,cs-go,2026-04-22 17:33:34+00:00,Group Stage,Season 5 2026,133571,Wave Esports,138181,Esport BERG,138181,0,3
1453433,cs-go,2026-04-22 17:45:23+00:00,Group C,Season 48 2026,133941,Sashi Academy,126491,NAVI Junior,126491,0,3
1448777,cs-go,2026-04-22 18:28:02+00:00,Group Stage,Season 32 2026,131591,XI Esport,138576,Team Eclipse,131591,1,3
1456416,cs-go,2026-04-22 18:47:00+00:00,Playoffs,Europe Cup #4 season 51 2026,138611,Clair Obscur,137075,Misa Esports,137075,0,3
1457919,cs-go,2026-04-22 18:53:05+00:00,Regular Season,Advanced Europe season 57 2026,138466,SE7ENS Esport,137473,OldBoys,137473,0,1
1457918,cs-go,2026-04-22 18:58:53+00:00,Regular Season,Advanced Europe season 57 2026,138467,tincan,132459,ROUNDS,132459,0,1
1457922,cs-go,2026-04-22 18:58:59+00:00,Regular Season,Advanced Europe season 57 2026,137449,OlyBet SB,135913,Diamant Esports,135913,0,1
1457921,cs-go,2026-04-22 19:03:38+00:00,Regular Season,Advanced Europe season 57 2026,135227,ENJOY,137967,ReThink,135227,1,1
1457924,cs-go,2026-04-22 19:04:55+00:00,Regular Season,Advanced Europe season 57 2026,137508,Falcons Force,137538,B8 Academy,137508,1,1
1456412,cs-go,2026-04-22 19:08:41+00:00,Playoffs,Europe Cup #4 season 51 2026,135321,G2 Ares,135981,Donstu Esports,135981,0,3
1456315,cs-go,2026-04-22 19:16:33+00:00,Playoffs,Summit season 3 2026,126709,9z,138276,ALKA GAMING,126709,1,3
1456411,cs-go,2026-04-22 19:27:59+00:00,Playoffs,Europe Cup #4 season 51 2026,137474,Oldboys,127911,MASONIC,137474,1,3
1456410,cs-go,2026-04-22 19:37:03+00:00,Playoffs,Europe Cup #4 season 51 2026,137271,FC Famalicão Esports,128935,bankaPEPSI,128935,0,3
1456415,cs-go,2026-04-22 19:41:55+00:00,Playoffs,Europe Cup #4 season 51 2026,132679,brazylijski luz,138406,Just Players,138406,0,3
1438508,cs-go,2026-04-22 20:04:00+00:00,Group Stage,Online Stage 2026,127014,Sinners,128327,Young Ninjas,128327,0,3
1457363,cs-go,2026-04-22 20:11:51+00:00,Main Stage,Season 25 2026,134057,HAVENs,135978,eternal premium,135978,0,3
1456414,cs-go,2026-04-22 20:17:02+00:00,Playoffs,Europe Cup #4 season 51 2026,134320,aimclub,137360,yngods,134320,1,3
1457926,cs-go,2026-04-22 20:18:40+00:00,Regular Season,Advanced Europe season 57 2026,138471,Nerve of Cow,137356,JUMBO TEAM,137356,0,1
1385741,cs-go,2026-04-22 20:34:20+00:00,Group Stage,Season 5 2026,129380,Playing Ducks,138304,Team AceZone,138304,0,3
1450344,cs-go,2026-04-22 23:17:16+00:00,Group A,April 2026,135743,BESTIA Academy,127214,Red Feet,135743,1,1
1456316,cs-go,2026-04-22 23:53:29+00:00,Playoffs,Summit season 3 2026,138086,METANOIA WOLVES,137320,Vasco Esports,137320,0,3
1456318,cs-go,2026-04-23 03:44:30+00:00,Playoffs,Summit season 3 2026,3225,Keyd,137141,Crashers,3225,1,3
1456317,cs-go,2026-04-23 05:43:04+00:00,Playoffs,Summit season 3 2026,133708,Legacy,137459,Alzon,133708,1,3
1452818,cs-go,2026-04-23 09:30:39+00:00,Group C,Regular season 4 2026,136846,Prestige,138405,Z7 Esports,136846,1,3
1458862,cs-go,2026-04-23 10:21:02+00:00,Group D,Closed Qualifier #1 2026,137271,FC Famalicão Esports,138026,Atreides,138026,0,3
1455259,cs-go,2026-04-23 10:44:03+00:00,Group A,Season 48 2026,138281,Passion Academy,136786,LPH Gaming,138281,1,3
1458863,cs-go,2026-04-23 12:11:54+00:00,Group D,Closed Qualifier #1 2026,137080,MANA eSports,130590,The Last Resort,137080,1,3
1452819,cs-go,2026-04-23 12:31:44+00:00,Group C,Regular season 4 2026,137324,Imperial Academy,133941,Sashi Academy,137324,1,3
1449741,cs-go,2026-04-23 13:31:06+00:00,Playoffs,Challengers Series 1 2026,126417,Lilmix,128327,Young Ninjas,128327,0,3
1449740,cs-go,2026-04-23 13:36:56+00:00,Playoffs,Challengers Series 1 2026,138026,Atreides,126624,Brute,126624,0,3
1455260,cs-go,2026-04-23 13:54:55+00:00,Group A,Season 48 2026,136593,Sangal ALTERS,138609,Golden Five,136593,1,3
1449750,cs-go,2026-04-23 13:55:00+00:00,Playoffs,Season 3 2026,131441,Monte,135381,Betclic Apogee Esports,131441,1,3
1456639,cs-go,2026-04-23 14:53:21+00:00,Playoffs,Europe Cup #4 season 51 2026,137289,Team Nemesis,137500,CYBERSHOKE Prospects,137289,1,3
1456643,cs-go,2026-04-23 15:01:42+00:00,Playoffs,Europe Cup #4 season 51 2026,3217,fnatic,138478,Project 91,3217,1,3
1456640,cs-go,2026-04-23 15:02:06+00:00,Playoffs,Europe Cup #4 season 51 2026,137703,ex-Zero Tenacity,130590,The Last Resort,130590,0,3
1457364,cs-go,2026-04-23 15:29:50+00:00,Main Stage,Season 25 2026,136786,LPH Gaming,138146,Drama eSports,136786,1,3
1449743,cs-go,2026-04-23 15:46:34+00:00,Playoffs,Challengers Series 1 2026,134815,RUSTEC,138407,playersclub,134815,1,3
1456644,cs-go,2026-04-23 16:02:25+00:00,Playoffs,Europe Cup #4 season 51 2026,137416,TNC,132927,Rune Eaters,132927,0,3
1456641,cs-go,2026-04-23 16:03:46+00:00,Playoffs,Europe Cup #4 season 51 2026,136560,Phantom,138026,Atreides,136560,1,3
1449742,cs-go,2026-04-23 16:06:07+00:00,Playoffs,Challengers Series 1 2026,138617,INOX Division,135981,Donstu Esports,138617,1,3
1458872,cs-go,2026-04-23 16:10:59+00:00,Group B,Closed Qualifier #1 2026,3251,ENCE,126417,Lilmix,3251,1,3
1456658,cs-go,2026-04-23 16:46:16+00:00,Playoffs,Europe Cup #4 season 51 2026,129413,Eternal Fire,126694,BIG Academy,126694,0,3
1438509,cs-go,2026-04-23 16:55:32+00:00,Group Stage,Online Stage 2026,138610,Walczaki,131189,EYEBALLERS,131189,0,3
1459400,cs-go,2026-04-23 17:25:58+00:00,Regular Season,Advanced Europe season 57 2026,137500,CYBERSHOKE Prospects,135474,Fire Flux Esports,137500,1,1
1456323,cs-go,2026-04-23 17:50:32+00:00,Playoffs,Summit season 3 2026,138276,ALKA GAMING,138086,METANOIA WOLVES,138086,0,3
1459401,cs-go,2026-04-23 18:13:44+00:00,Regular Season,Advanced Europe season 57 2026,138467,tincan,137356,JUMBO TEAM,138467,1,1
1449754,cs-go,2026-04-23 18:16:20+00:00,Playoffs,Season 3 2026,3249,BIG,126452,100 Thieves,3249,1,3
1456710,cs-go,2026-04-23 18:44:45+00:00,Playoffs,Europe Cup #4 season 51 2026,138370,Lavked,137474,Oldboys,138370,1,3
1456724,cs-go,2026-04-23 18:50:42+00:00,Playoffs,Europe Cup #4 season 51 2026,134251,Rebels Gaming,134320,aimclub,134251,1,3
1458873,cs-go,2026-04-23 19:15:47+00:00,Group B,Closed Qualifier #1 2026,126994,JiJieHao,133866,The Suspect,126994,1,3
1456734,cs-go,2026-04-23 19:31:54+00:00,Playoffs,Europe Cup #4 season 51 2026,137790,against All authority,138406,Just Players,137790,1,3
1456723,cs-go,2026-04-23 19:32:28+00:00,Playoffs,Europe Cup #4 season 51 2026,137932,ex-RUBY,138407,playersclub,138407,0,3
1456711,cs-go,2026-04-23 19:32:40+00:00,Playoffs,Europe Cup #4 season 51 2026,136659,SPARTA,135981,Donstu Esports,136659,1,3
1459668,cs-go,2026-04-23 19:38:15+00:00,Group D,April 2026,131848,largadosypelados,137966,Guara Esports,131848,1,3
1438510,cs-go,2026-04-23 19:40:38+00:00,Group Stage,Online Stage 2026,3217,fnatic,125071,Tricked,125071,0,3
1456703,cs-go,2026-04-23 19:47:22+00:00,Playoffs,Europe Cup #4 season 51 2026,128519,GenOne,128935,bankaPEPSI,128519,1,3
1456687,cs-go,2026-04-23 20:11:27+00:00,Playoffs,Europe Cup #4 season 51 2026,137708,BET-M 33,126417,Lilmix,126417,0,3
1456324,cs-go,2026-04-23 20:23:57+00:00,Playoffs,Summit season 3 2026,137141,Crashers,137459,Alzon,137141,1,3
1456735,cs-go,2026-04-23 20:50:12+00:00,Playoffs,Europe Cup #4 season 51 2026,126408,9INE,137075,Misa Esports,137075,0,3
1449751,cs-go,2026-04-23 20:58:19+00:00,Playoffs,Season 3 2026,3218,NIP,3260,Sharks,3218,1,3
1457366,cs-go,2026-04-23 22:00:32+00:00,Main Stage,Season 25 2026,135326,Wingman,135978,eternal premium,135978,0,3
1456319,cs-go,2026-04-23 23:38:31+00:00,Playoffs,Summit season 3 2026,126709,9z,137320,Vasco Esports,126709,1,3
1456320,cs-go,2026-04-24 02:28:05+00:00,Playoffs,Summit season 3 2026,3225,Keyd,133708,Legacy,133708,0,3
1452821,cs-go,2026-04-24 10:08:57+00:00,Group D,Regular season 4 2026,135474,Fire Flux Esports,137967,ReThink,137967,0,3
1431959,cs-go,2026-04-24 10:09:16+00:00,Playoffs,Season 7 2026,3249,BIG,137546,Acend,3249,1,3
1458874,cs-go,2026-04-24 10:31:52+00:00,Group B,Closed Qualifier #1 2026,3251,ENCE,126994,JiJieHao,126994,0,3
1455262,cs-go,2026-04-24 11:00:25+00:00,Group B,Season 48 2026,137324,Imperial Academy,126694,BIG Academy,126694,0,3
1452822,cs-go,2026-04-24 12:16:55+00:00,Group D,Regular season 4 2026,130733,KUUSAMO.gg,136539,ALGO Esports,136539,0,3
1449756,cs-go,2026-04-24 12:40:18+00:00,Playoffs,Season 3 2026,135381,Betclic Apogee Esports,3260,Sharks,3260,0,3
1449744,cs-go,2026-04-24 12:43:04+00:00,Playoffs,Challengers Series 1 2026,135981,Donstu Esports,126624,Brute,126624,0,3
1431960,cs-go,2026-04-24 12:55:48+00:00,Playoffs,Season 7 2026,133725,Alliance,133994,Oxuji Esports,133725,1,3
1458864,cs-go,2026-04-24 13:42:37+00:00,Group D,Closed Qualifier #1 2026,138026,Atreides,137080,MANA eSports,138026,1,3
1455261,cs-go,2026-04-24 14:01:01+00:00,Group B,Season 48 2026,132795,INFURITY Gaming,128394,AaB Esport,132795,1,3
1456739,cs-go,2026-04-24 14:01:27+00:00,Playoffs,Europe Cup #4 season 51 2026,135981,Donstu Esports,129922,EC BANGA,135981,1,3
1456740,cs-go,2026-04-24 15:43:52+00:00,Playoffs,Europe Cup #4 season 51 2026,137474,Oldboys,137881,rottweilers,137474,1,3
1449758,cs-go,2026-04-24 15:45:05+00:00,Playoffs,Season 3 2026,3249,BIG,3246,Heroic,3246,0,3
1456756,cs-go,2026-04-24 15:59:28+00:00,Playoffs,Europe Cup #4 season 51 2026,137708,BET-M 33,138612,Julie&cie,137708,1,3
1456688,cs-go,2026-04-24 16:05:26+00:00,Playoffs,Europe Cup #4 season 51 2026,130594,Dripmen,126408,9INE,130594,1,3
1456737,cs-go,2026-04-24 16:10:50+00:00,Playoffs,Europe Cup #4 season 51 2026,136516,BASEMENT BOYS,134320,aimclub,134320,0,3
1449745,cs-go,2026-04-24 16:16:01+00:00,Playoffs,Challengers Series 1 2026,138407,playersclub,128327,Young Ninjas,138407,1,3
1458875,cs-go,2026-04-24 16:18:06+00:00,Group B,Closed Qualifier #1 2026,126417,Lilmix,133866,The Suspect,126417,1,3
1456738,cs-go,2026-04-24 16:31:01+00:00,Playoffs,Europe Cup #4 season 51 2026,134815,RUSTEC,137932,ex-RUBY,134815,1,3
1458865,cs-go,2026-04-24 16:33:44+00:00,Group D,Closed Qualifier #1 2026,137271,FC Famalicão Esports,130590,The Last Resort,130590,0,3
1460890,cs-go,2026-04-24 17:23:23+00:00,Playoffs,Season 25 2026,138477,CSGOPOSITIVE,136786,LPH Gaming,136786,0,3
1456325,cs-go,2026-04-24 17:37:37+00:00,Playoffs,Summit season 3 2026,3225,Keyd,138086,METANOIA WOLVES,138086,0,3
1431961,cs-go,2026-04-24 17:40:01+00:00,Playoffs,Season 7 2026,133458,BetBoom Team,136900,Ursa,136900,0,3
1454788,cs-go,2026-04-24 17:45:03+00:00,Regular Season,Advanced Europe season 57 2026,135227,ENJOY,128629,megoshort,135227,1,1
1438511,cs-go,2026-04-24 18:04:23+00:00,Group Stage,Online Stage 2026,137416,TNC,138496,Clutchain,138496,0,3
1461143,cs-go,2026-04-24 18:09:09+00:00,Group C,April 2026,129800,MIBR Academy,138276,ALKA GAMING,138276,0,3
1456790,cs-go,2026-04-24 18:20:14+00:00,Playoffs,Europe Cup #4 season 51 2026,137500,CYBERSHOKE Prospects,138611,Clair Obscur,137500,1,3
1456774,cs-go,2026-04-24 18:31:51+00:00,Playoffs,Europe Cup #4 season 51 2026,135321,G2 Ares,138478,Project 91,135321,1,3
1456788,cs-go,2026-04-24 18:44:17+00:00,Playoffs,Europe Cup #4 season 51 2026,138026,Atreides,137360,yngods,138026,1,3
1460889,cs-go,2026-04-24 18:46:25+00:00,Playoffs,Season 25 2026,128766,Spirit Academy,135978,eternal premium,128766,1,3
1459669,cs-go,2026-04-24 18:56:58+00:00,Group C,April 2026,137468,Vexa,131161,Players,137468,1,3
1460892,cs-go,2026-04-24 18:57:48+00:00,Regular Season,Advanced Europe season 57 2026,138560,PeePuP,138561,TEAM_COPH9K,138561,0,1
1459512,cs-go,2026-04-24 19:33:25+00:00,Group Stage,Brazil 2026,126377,Imperial,138524,QUINTESSÊNCIA,126377,1,1
1456789,cs-go,2026-04-24 19:45:59+00:00,Playoffs,Europe Cup #4 season 51 2026,137703,ex-Zero Tenacity,132679,brazylijski luz,132679,0,3
1459514,cs-go,2026-04-24 19:47:10+00:00,Group Stage,Brazil 2026,137992,Fluxo W7M,131849,paiN Academy,137992,1,1
1459515,cs-go,2026-04-24 19:53:46+00:00,Group Stage,Brazil 2026,134355,Galorys,129800,MIBR Academy,134355,1,1
1460891,cs-go,2026-04-24 20:09:08+00:00,Playoffs,Season 25 2026,131561,Partizan Esport,137580, Phantom Academy,131561,1,3
1449757,cs-go,2026-04-24 20:23:47+00:00,Playoffs,Season 3 2026,131441,Monte,3218,NIP,131441,1,3
1460888,cs-go,2026-04-24 20:40:39+00:00,Playoffs,Season 25 2026,137735,Nebula In Chaox,130059,Eternal Fire Academy,137735,1,3
1459517,cs-go,2026-04-24 20:47:41+00:00,Group Stage,Brazil 2026,136029,Fake do Biru,3225,Keyd,3225,0,1
1459516,cs-go,2026-04-24 20:54:28+00:00,Group Stage,Brazil 2026,131848,largadosypelados,137141,Crashers,131848,1,1
1459519,cs-go,2026-04-24 20:54:31+00:00,Group Stage,Brazil 2026,131538,Yawara Esports,135580,Game Hunters,131538,1,1
1459518,cs-go,2026-04-24 21:00:14+00:00,Group Stage,Brazil 2026,133326,Bounty Hunters Esports,130605,UNO MILLE,130605,0,1
1438513,cs-go,2026-04-24 21:28:05+00:00,Group Stage,Online Stage 2026,127014,Sinners,125071,Tricked,125071,0,3
1459513,cs-go,2026-04-24 21:35:14+00:00,Group Stage,Brazil 2026,138620,Turma do Pagode,138086,METANOIA WOLVES,138086,0,1
1456321,cs-go,2026-04-24 21:44:27+00:00,Playoffs,Summit season 3 2026,126709,9z,133708,Legacy,133708,0,3
1459524,cs-go,2026-04-24 22:36:12+00:00,Group Stage,Brazil 2026,135580,Game Hunters,137141,Crashers,135580,1,1
1459520,cs-go,2026-04-24 22:48:20+00:00,Group Stage,Brazil 2026,126377,Imperial,138086,METANOIA WOLVES,126377,1,1
1459523,cs-go,2026-04-24 22:49:29+00:00,Group Stage,Brazil 2026,131848,largadosypelados,131538,Yawara Esports,131538,0,1
1459522,cs-go,2026-04-24 22:56:30+00:00,Group Stage,Brazil 2026,134355,Galorys,130605,UNO MILLE,134355,1,1
1459521,cs-go,2026-04-24 22:57:35+00:00,Group Stage,Brazil 2026,137992,Fluxo W7M,3225,Keyd,137992,1,1
1459525,cs-go,2026-04-24 23:35:29+00:00,Group Stage,Brazil 2026,133326,Bounty Hunters Esports,129800,MIBR Academy,133326,1,1
1459527,cs-go,2026-04-24 23:45:25+00:00,Group Stage,Brazil 2026,138620,Turma do Pagode,138524,QUINTESSÊNCIA,138620,1,1
1459526,cs-go,2026-04-24 23:45:45+00:00,Group Stage,Brazil 2026,136029,Fake do Biru,131849,paiN Academy,136029,1,1
1456326,cs-go,2026-04-25 01:01:40+00:00,Playoffs,Summit season 3 2026,137320,Vasco Esports,137141,Crashers,137320,1,3
1460904,cs-go,2026-04-25 02:34:17+00:00,Group A,April 2026,135743,BESTIA Academy,138524,QUINTESSÊNCIA,135743,1,3
1460906,cs-go,2026-04-25 03:42:05+00:00,Group B,April 2026,137459,Alzon,131849,paiN Academy,131849,0,3
1458886,cs-go,2026-04-25 09:48:30+00:00,Group C,Season 48 2026,135474,Fire Flux Esports,126491,NAVI Junior,135474,1,3
1458867,cs-go,2026-04-25 10:32:44+00:00,Group C,Closed Qualifier #1 2026,128394,AaB Esport,134320,aimclub,128394,1,3
1450339,cs-go,2026-04-25 10:34:41+00:00,Playoffs,2026,126408,9INE,133988,HyperSpirit,126408,1,3
1449759,cs-go,2026-04-25 10:52:33+00:00,Playoffs,Season 3 2026,3260,Sharks,3249,BIG,3249,0,3
1431963,cs-go,2026-04-25 11:51:37+00:00,Playoffs,Season 7 2026,136659,SPARTA,137948,TDK,136659,1,3
1452823,cs-go,2026-04-25 12:14:06+00:00,Group D,Regular season 4 2026,137967,ReThink,130733,KUUSAMO.gg,137967,1,3
1449746,cs-go,2026-04-25 12:39:08+00:00,Playoffs,Challengers Series 1 2026,138617,INOX Division,134815,RUSTEC,138617,1,3
1450337,cs-go,2026-04-25 13:10:55+00:00,Playoffs,2026,127014,Sinners,138101,Inner Circle Academy,127014,1,3
1462386,cs-go,2026-04-25 13:50:58+00:00,Playoffs,Season 25 2026,138370,Lavked,128766,Spirit Academy,128766,0,3
1449760,cs-go,2026-04-25 14:26:51+00:00,Playoffs,Season 3 2026,126452,100 Thieves,3218,NIP,3218,0,3
1456821,cs-go,2026-04-25 14:32:36+00:00,Playoffs,Europe Cup #4 season 51 2026,128935,bankaPEPSI,137708,BET-M 33,137708,0,3
1456812,cs-go,2026-04-25 14:35:13+00:00,Playoffs,Europe Cup #4 season 51 2026,134320,aimclub,134815,RUSTEC,134815,0,3
1456822,cs-go,2026-04-25 14:44:15+00:00,Playoffs,Europe Cup #4 season 51 2026,129413,Eternal Fire,137271,FC Famalicão Esports,129413,1,3
1456811,cs-go,2026-04-25 14:51:19+00:00,Playoffs,Europe Cup #4 season 51 2026,138406,Just Players,130594,Dripmen,138406,1,3
1431964,cs-go,2026-04-25 15:08:47+00:00,Playoffs,Season 7 2026,137739,magic,135673,Nuclear TigeRES,135673,0,3
1459532,cs-go,2026-04-25 15:10:57+00:00,Group Stage,Brazil 2026,131848,largadosypelados,138086,METANOIA WOLVES,131848,1,1
1462387,cs-go,2026-04-25 15:24:58+00:00,Playoffs,Season 25 2026,130360,ARCRED,136786,LPH Gaming,136786,0,3
1456820,cs-go,2026-04-25 15:42:32+00:00,Playoffs,Europe Cup #4 season 51 2026,135981,Donstu Esports,137474,Oldboys,137474,0,3
1458878,cs-go,2026-04-25 15:59:01+00:00,Group A,Closed Qualifier #1 2026,133063,UNiTY esports,138616,FromPR,133063,1,3
1450340,cs-go,2026-04-25 16:02:31+00:00,Playoffs,2026,137296,Gentle Mates,137440,ASTRAL,137296,1,3
1449747,cs-go,2026-04-25 16:12:36+00:00,Playoffs,Challengers Series 1 2026,126624,Brute,138407,playersclub,126624,1,3
1456327,cs-go,2026-04-25 17:48:31+00:00,Playoffs,Summit season 3 2026,138086,METANOIA WOLVES,137320,Vasco Esports,137320,0,3
1431965,cs-go,2026-04-25 18:03:36+00:00,Playoffs,Season 7 2026,124522,Nemiga,137932,ex-RUBY,124522,1,3
1456863,cs-go,2026-04-25 18:12:26+00:00,Playoffs,Europe Cup #4 season 51 2026,128519,GenOne,126417,Lilmix,128519,1,3
1456865,cs-go,2026-04-25 18:48:40+00:00,Playoffs,Europe Cup #4 season 51 2026,134251,Rebels Gaming,138407,playersclub,134251,1,3
1456859,cs-go,2026-04-25 18:50:40+00:00,Playoffs,Europe Cup #4 season 51 2026,137289,Team Nemesis,130590,The Last Resort,137289,1,3
1449761,cs-go,2026-04-25 18:50:52+00:00,Playoffs,Season 3 2026,3246,Heroic,131441,Monte,3246,1,3
1456861,cs-go,2026-04-25 18:50:59+00:00,Playoffs,Europe Cup #4 season 51 2026,3217,fnatic,132927,Rune Eaters,3217,1,3
1462406,cs-go,2026-04-25 18:59:15+00:00,Group B,Season 20 2026,3256,NRG,137498,Foxtrot Esports,3256,1,3
1458877,cs-go,2026-04-25 19:01:14+00:00,Group A,Closed Qualifier #1 2026,129922,EC BANGA,138617,INOX Division,138617,0,3
1462417,cs-go,2026-04-25 19:15:38+00:00,Group D,Season 20 2026,135273,Wildcard,138623,FRZ Unit,135273,1,3
1462401,cs-go,2026-04-25 19:17:08+00:00,Group A,Season 20 2026,133435,M80,138621,It's a Secret,133435,1,3
1462385,cs-go,2026-04-25 19:25:00+00:00,Playoffs,Season 25 2026,128394,AaB Esport,137735,Nebula In Chaox,128394,1,3
1462412,cs-go,2026-04-25 19:26:11+00:00,Group C,Season 20 2026,136002,Fisher College,134300,NuTorious,136002,1,3
1462411,cs-go,2026-04-25 19:28:33+00:00,Group C,Season 20 2026,133686,Passion UA,138622,AGA,133686,1,3
1459535,cs-go,2026-04-25 19:47:21+00:00,Group Stage,Brazil 2026,133326,Bounty Hunters Esports,135580,Game Hunters,133326,1,1
1450338,cs-go,2026-04-25 19:51:25+00:00,Playoffs,2026,137699,FOKUS,137112,KOLESIE,137112,0,3
1459534,cs-go,2026-04-25 19:52:57+00:00,Group Stage,Brazil 2026,136029,Fake do Biru,130605,UNO MILLE,136029,1,1
1462402,cs-go,2026-04-25 19:53:05+00:00,Group A,Season 20 2026,136064,Chicken Coop Esports,130401,InControl,130401,0,3
1459533,cs-go,2026-04-25 19:53:35+00:00,Group Stage,Brazil 2026,138620,Turma do Pagode,3225,Keyd,138620,1,1
1456866,cs-go,2026-04-25 19:56:29+00:00,Playoffs,Europe Cup #4 season 51 2026,137790,against All authority,137075,Misa Esports,137790,1,3
1431966,cs-go,2026-04-25 20:02:37+00:00,Playoffs,Season 7 2026,131189,EYEBALLERS,133542,CYBERSHOKE Esports,133542,0,3
1456862,cs-go,2026-04-25 20:08:59+00:00,Playoffs,Europe Cup #4 season 51 2026,133269,Leo Team,126694,BIG Academy,133269,1,3
1456860,cs-go,2026-04-25 20:13:03+00:00,Playoffs,Europe Cup #4 season 51 2026,138236,Hashiras,136560,Phantom,138236,1,3
1462416,cs-go,2026-04-25 20:22:44+00:00,Group D,Season 20 2026,137510,Voca,136318,Marsborne,137510,1,3
1462407,cs-go,2026-04-25 20:31:32+00:00,Group B,Season 20 2026,132366,LAG Gaming,138421,EMPIRE,132366,1,3
1456864,cs-go,2026-04-25 20:35:11+00:00,Playoffs,Europe Cup #4 season 51 2026,138370,Lavked,136659,SPARTA,136659,0,3
1462413,cs-go,2026-04-25 21:35:33+00:00,Group C,Season 20 2026,136002,Fisher College,133686,Passion UA,136002,1,3
1462403,cs-go,2026-04-25 21:38:29+00:00,Group A,Season 20 2026,133435,M80,130401,InControl,133435,1,3
1462414,cs-go,2026-04-25 21:41:21+00:00,Group C,Season 20 2026,134300,NuTorious,138622,AGA,134300,1,3
1462388,cs-go,2026-04-25 21:50:01+00:00,Playoffs,Season 25 2026,137708,BET-M 33,131561,Partizan Esport,137708,1,3
1462419,cs-go,2026-04-25 22:00:46+00:00,Group D,Season 20 2026,138623,FRZ Unit,136318,Marsborne,136318,0,3
1462408,cs-go,2026-04-25 22:04:05+00:00,Group B,Season 20 2026,3256,NRG,132366,LAG Gaming,3256,1,3
1462418,cs-go,2026-04-25 22:13:39+00:00,Group D,Season 20 2026,135273,Wildcard,137510,Voca,135273,1,3
1462404,cs-go,2026-04-25 22:27:37+00:00,Group A,Season 20 2026,138621,It's a Secret,136064,Chicken Coop Esports,136064,0,3
1456328,cs-go,2026-04-25 22:30:28+00:00,Playoffs,Summit season 3 2026,126709,9z,137320,Vasco Esports,126709,1,3
1449762,cs-go,2026-04-25 22:53:12+00:00,Playoffs,Season 3 2026,3249,BIG,3218,NIP,3218,0,3
1462415,cs-go,2026-04-25 23:30:01+00:00,Group C,Season 20 2026,133686,Passion UA,134300,NuTorious,133686,1,3
1462409,cs-go,2026-04-25 23:55:52+00:00,Group B,Season 20 2026,137498,Foxtrot Esports,138421,EMPIRE,138421,0,3
1462405,cs-go,2026-04-26 01:04:54+00:00,Group A,Season 20 2026,130401,InControl,136064,Chicken Coop Esports,136064,0,3
1462420,cs-go,2026-04-26 02:13:19+00:00,Group D,Season 20 2026,136318,Marsborne,137510,Voca,136318,1,3
1462410,cs-go,2026-04-26 03:08:51+00:00,Group B,Season 20 2026,132366,LAG Gaming,138421,EMPIRE,132366,1,3
1463485,cs-go,2026-04-26 04:05:51+00:00,Playoffs,Season 20 2026,135273,Wildcard,136064,Chicken Coop Esports,135273,1,3
1463482,cs-go,2026-04-26 05:40:33+00:00,Playoffs,Season 20 2026,133435,M80,136318,Marsborne,136318,0,3
1463484,cs-go,2026-04-26 05:46:29+00:00,Playoffs,Season 20 2026,3256,NRG,133686,Passion UA,133686,0,3
1463483,cs-go,2026-04-26 06:05:37+00:00,Playoffs,Season 20 2026,136002,Fisher College,132366,LAG Gaming,136002,1,3
1458880,cs-go,2026-04-26 10:09:05+00:00,Group A,Closed Qualifier #1 2026,138616,FromPR,129922,EC BANGA,138616,1,3
1458879,cs-go,2026-04-26 10:16:34+00:00,Group A,Closed Qualifier #1 2026,133063,UNiTY esports,138617,INOX Division,138617,0,3
1458888,cs-go,2026-04-26 10:21:14+00:00,Group D,Season 48 2026,138405,Z7 Esports,137967,ReThink,137967,0,3
1431955,cs-go,2026-04-26 10:24:38+00:00,Playoffs,Season 7 2026,3249,BIG,136659,SPARTA,3249,1,3
1463986,cs-go,2026-04-26 10:41:28+00:00,Playoffs,2026,137861,STATE,133941,Sashi Academy,137861,1,3
1457344,cs-go,2026-04-26 10:43:43+00:00,Playoffs,Oceania Cup #4 season 51 2026,137596,Time Waves,138090,Skele,138090,0,3
1463987,cs-go,2026-04-26 10:45:30+00:00,Playoffs,2026,127911,MASONIC,137950,WAZABI,127911,1,3
1452817,cs-go,2026-04-26 12:03:04+00:00,Group B,Regular season 4 2026,136786,LPH Gaming,138129,BOJONG,136786,1,3
1463380,cs-go,2026-04-26 12:19:08+00:00,Regular Season,Season 13 2026,138626,cirahvi,138131,BoyBand,138626,1,3
1458887,cs-go,2026-04-26 12:19:32+00:00,Group D,Season 48 2026,130733,KUUSAMO.gg,131591,XI Esport,130733,1,3
1431957,cs-go,2026-04-26 12:30:16+00:00,Playoffs,Season 7 2026,136900,Ursa,138610,Walczaki,138610,0,3
1450342,cs-go,2026-04-26 12:41:56+00:00,Playoffs,2026,126408,9INE,137296,Gentle Mates,137296,0,3
1458869,cs-go,2026-04-26 13:35:29+00:00,Group C,Closed Qualifier #1 2026,128394,AaB Esport,136516,BASEMENT BOYS,128394,1,3
1449748,cs-go,2026-04-26 13:45:19+00:00,Playoffs,Challengers Series 1 2026,134815,RUSTEC,126624,Brute,134815,1,3
1463985,cs-go,2026-04-26 14:07:36+00:00,Playoffs,Season 25 2026,136786,LPH Gaming,137708,BET-M 33,137708,0,3
1458866,cs-go,2026-04-26 14:23:32+00:00,Group D,Closed Qualifier #1 2026,137080,MANA eSports,130590,The Last Resort,130590,0,3
1457015,cs-go,2026-04-26 14:24:56+00:00,Playoffs,Asia-Pacific Cup #4 season 51 2026,138151,NEXVOID,135162,Boring Players,138151,1,3
1449763,cs-go,2026-04-26 14:38:21+00:00,Playoffs,Season 3 2026,131441,Monte,3218,NIP,131441,1,3
1457014,cs-go,2026-04-26 14:49:58+00:00,Playoffs,Asia-Pacific Cup #4 season 51 2026,137344,Legion,134264,Chinggis Warriors,134264,0,3
1452820,cs-go,2026-04-26 14:52:52+00:00,Group C,Regular season 4 2026,136846,Prestige,133941,Sashi Academy,136846,1,3
1463381,cs-go,2026-04-26 14:54:16+00:00,Regular Season,Season 13 2026,137707,SINQU,127829,TOOMUCHVIDEOGAMES,127829,0,3
1457012,cs-go,2026-04-26 14:57:04+00:00,Playoffs,Asia-Pacific Cup #4 season 51 2026,135214,Alter Ego,134069,The QUBE Esports,135214,1,3
1449749,cs-go,2026-04-26 15:29:48+00:00,Playoffs,Challengers Series 1 2026,138617,INOX Division,134815,RUSTEC,134815,0,3
1450341,cs-go,2026-04-26 15:30:27+00:00,Playoffs,2026,127014,Sinners,137112,KOLESIE,127014,1,3
1463988,cs-go,2026-04-26 15:33:15+00:00,Playoffs,2026,137861,STATE,127911,MASONIC,137861,1,3
1457017,cs-go,2026-04-26 15:43:20+00:00,Playoffs,Asia-Pacific Cup #4 season 51 2026,138152,BMZ,137353,Last Bullet,138152,1,3
1457013,cs-go,2026-04-26 16:06:17+00:00,Playoffs,Asia-Pacific Cup #4 season 51 2026,130329,Rare Atom,136330,Just Swing,136330,0,3
1458876,cs-go,2026-04-26 16:24:30+00:00,Group B,Closed Qualifier #1 2026,3251,ENCE,126417,Lilmix,3251,1,3
1431956,cs-go,2026-04-26 16:58:58+00:00,Playoffs,Season 7 2026,124522,Nemiga,133542,CYBERSHOKE Esports,124522,1,3
1463382,cs-go,2026-04-26 17:24:11+00:00,Regular Season,Season 13 2026,138627,KAJO,130733,KUUSAMO.gg,130733,0,3
1459531,cs-go,2026-04-26 18:10:41+00:00,Group Stage,Brazil 2026,126377,Imperial,131538,Yawara Esports,131538,0,3
1456868,cs-go,2026-04-26 18:46:50+00:00,Playoffs,Europe Cup #4 season 51 2026,134815,RUSTEC,136560,Phantom,136560,0,3
1456882,cs-go,2026-04-26 19:01:37+00:00,Playoffs,Europe Cup #4 season 51 2026,135321,G2 Ares,138370,Lavked,138370,0,3
1431958,cs-go,2026-04-26 19:12:40+00:00,Playoffs,Season 7 2026,133725,Alliance,135673,Nuclear TigeRES,135673,0,3
1463486,cs-go,2026-04-26 19:22:36+00:00,Playoffs,Season 20 2026,136318,Marsborne,136002,Fisher College,136002,0,3
1456867,cs-go,2026-04-26 19:31:16+00:00,Playoffs,Europe Cup #4 season 51 2026,130590,The Last Resort,138406,Just Players,130590,1,3
1456870,cs-go,2026-04-26 19:41:17+00:00,Playoffs,Europe Cup #4 season 51 2026,137708,BET-M 33,126694,BIG Academy,126694,0,3
1456869,cs-go,2026-04-26 19:45:41+00:00,Playoffs,Europe Cup #4 season 51 2026,132927,Rune Eaters,137474,Oldboys,137474,0,3
1463487,cs-go,2026-04-26 19:49:15+00:00,Playoffs,Season 20 2026,133686,Passion UA,135273,Wildcard,135273,0,3
1450343,cs-go,2026-04-26 19:54:05+00:00,Playoffs,2026,137296,Gentle Mates,127014,Sinners,127014,0,3
1456871,cs-go,2026-04-26 19:58:25+00:00,Playoffs,Europe Cup #4 season 51 2026,129413,Eternal Fire,126417,Lilmix,126417,0,3
1456884,cs-go,2026-04-26 20:00:33+00:00,Playoffs,Europe Cup #4 season 51 2026,137500,CYBERSHOKE Prospects,137075,Misa Esports,137500,1,3
1449764,cs-go,2026-04-26 20:04:31+00:00,Playoffs,Season 3 2026,3246,Heroic,131441,Monte,131441,0,5
1458881,cs-go,2026-04-26 20:12:47+00:00,Group A,Closed Qualifier #1 2026,138616,FromPR,133063,UNiTY esports,133063,0,3
1458871,cs-go,2026-04-26 20:18:18+00:00,Group C,Closed Qualifier #1 2026,134320,aimclub,136516,BASEMENT BOYS,136516,0,3
1459528,cs-go,2026-04-26 20:55:52+00:00,Group Stage,Brazil 2026,137992,Fluxo W7M,134355,Galorys,134355,0,3
1459529,cs-go,2026-04-26 20:56:18+00:00,Group Stage,Brazil 2026,137141,Crashers,138524,QUINTESSÊNCIA,138524,0,3
1463488,cs-go,2026-04-26 21:31:21+00:00,Playoffs,Season 20 2026,136318,Marsborne,133686,Passion UA,133686,0,3
1464033,cs-go,2026-04-26 21:37:37+00:00,Playoffs,Season 25 2026,128766,Spirit Academy,137708,BET-M 33,137708,0,3
1460360,cs-go,2026-04-26 22:12:57+00:00,Group A,North American 2026,138044,FarmVille,128002,OverKnight,138044,1,3
1456981,cs-go,2026-04-26 22:21:46+00:00,Playoffs,South America Cup #4 season 51 2026,131253,ODDIK,138156,RTT100,131253,1,3
1463489,cs-go,2026-04-26 22:45:07+00:00,Playoffs,Season 20 2026,136002,Fisher College,135273,Wildcard,135273,0,5
1456987,cs-go,2026-04-26 22:57:14+00:00,Playoffs,South America Cup #4 season 51 2026,134355,Galorys,3225,Keyd,134355,1,3
1456982,cs-go,2026-04-26 23:16:34+00:00,Playoffs,South America Cup #4 season 51 2026,136029,Fake do Biru,131848,largadosypelados,136029,1,3
1456983,cs-go,2026-04-26 23:48:36+00:00,Playoffs,South America Cup #4 season 51 2026,126377,Imperial,135580,Game Hunters,126377,1,3
1456985,cs-go,2026-04-26 23:59:49+00:00,Playoffs,South America Cup #4 season 51 2026,135468,ShindeN,128378,Procyon Gaming,135468,1,3
1456322,cs-go,2026-04-27 00:00:27+00:00,Playoffs,Summit season 3 2026,133708,Legacy,126709,9z,133708,1,5
1456988,cs-go,2026-04-27 00:03:43+00:00,Playoffs,South America Cup #4 season 51 2026,129800,MIBR Academy,137992,Fluxo W7M,129800,1,3
1456986,cs-go,2026-04-27 00:28:29+00:00,Playoffs,South America Cup #4 season 51 2026,125863,Isurus,133326,Bounty Hunters Esports,125863,1,3
1456946,cs-go,2026-04-27 02:20:48+00:00,Playoffs,North America Cup #4 2026,138421,EMPIRE,135230,Team Aether,135230,0,3
1456941,cs-go,2026-04-27 02:30:19+00:00,Playoffs,North America Cup #4 2026,137510,Voca,138368,Surge,137510,1,3
1456944,cs-go,2026-04-27 02:54:28+00:00,Playoffs,North America Cup #4 2026,133997,regain,136002,Fisher College,133997,1,3
1456942,cs-go,2026-04-27 03:21:29+00:00,Playoffs,North America Cup #4 2026,134773,F5 Esports,136064,Chicken Coop Esports,136064,0,3
1465433,cs-go,2026-04-27 09:46:14+00:00,Playoffs,Regular season 4 2026,136539,ALGO Esports,128394,AaB Esport,128394,0,3
1431968,cs-go,2026-04-27 09:55:15+00:00,Playoffs,Season 7 2026,138610,Walczaki,135673,Nuclear TigeRES,138610,1,3
1457346,cs-go,2026-04-27 10:28:52+00:00,Playoffs,Oceania Cup #4 season 51 2026,138015,Ding Cuts,138092,Abyssal,138092,0,3
1457345,cs-go,2026-04-27 10:32:00+00:00,Playoffs,Oceania Cup #4 season 51 2026,137594,THUNDER dOWNUNDER,138613,low cortisol,137594,1,3
1458883,cs-go,2026-04-27 10:41:43+00:00,Group A,Season 48 2026,136786,LPH Gaming,136593,Sangal ALTERS,136786,1,3
1457348,cs-go,2026-04-27 10:43:52+00:00,Playoffs,Oceania Cup #4 season 51 2026,125873,Ground Zero,138090,Skele,125873,1,3
1462479,cs-go,2026-04-27 10:59:10+00:00,Group A,Closed Qualifier: Series #1 2026,137861,STATE,126417,Lilmix,126417,0,3
1466495,cs-go,2026-04-27 11:20:00+00:00,Contenders Stage,Season 26 2026,138461,MAJIX ESPORTS,138639,Pitstop crew,138461,1,3
1431967,cs-go,2026-04-27 12:51:15+00:00,Playoffs,Season 7 2026,3249,BIG,124522,Nemiga,124522,0,3
1458885,cs-go,2026-04-27 13:23:31+00:00,Group B,Season 48 2026,126694,BIG Academy,128394,AaB Esport,126694,1,3
1462480,cs-go,2026-04-27 14:01:06+00:00,Group A,Closed Qualifier: Series #1 2026,136900,Ursa,126624,Brute,136900,1,3
1457024,cs-go,2026-04-27 14:12:44+00:00,Playoffs,Asia-Pacific Cup #4 season 51 2026,130329,Rare Atom,137344,Legion,130329,1,3
1457025,cs-go,2026-04-27 14:33:40+00:00,Playoffs,Asia-Pacific Cup #4 season 51 2026,135162,Boring Players,138283,Haunted House,135162,1,3
1457019,cs-go,2026-04-27 14:36:10+00:00,Playoffs,Asia-Pacific Cup #4 season 51 2026,3248,TYLOO,135214,Alter Ego,3248,1,3
1466120,cs-go,2026-04-27 14:40:22+00:00,Contenders Stage,Season 26 2026,135126,FORZE Reload,138631,Privateer Gaming,135126,1,3
1465432,cs-go,2026-04-27 15:08:22+00:00,Playoffs,Regular season 4 2026,137324,Imperial Academy,136786,LPH Gaming,137324,1,3
1457026,cs-go,2026-04-27 15:25:29+00:00,Playoffs,Asia-Pacific Cup #4 season 51 2026,137353,Last Bullet,137524,Team Arise,137353,1,3
1457020,cs-go,2026-04-27 15:25:42+00:00,Playoffs,Asia-Pacific Cup #4 season 51 2026,136330,Just Swing,134264,Chinggis Warriors,134264,0,3
1457021,cs-go,2026-04-27 15:46:25+00:00,Playoffs,Asia-Pacific Cup #4 season 51 2026,137155,Kaleido Gaming,138151,NEXVOID,138151,0,3
1462484,cs-go,2026-04-27 15:58:25+00:00,Group B,Closed Qualifier: Series #1 2026,138624,NNP,136815,HEROIC Academy,138624,1,3
1458889,cs-go,2026-04-27 16:34:38+00:00,Group C,Season 48 2026,136539,ALGO Esports,133941,Sashi Academy,136539,1,3
1448778,cs-go,2026-04-27 16:44:02+00:00,Group Stage,Season 32 2026,137950,WAZABI,138577,AaB Bulls,138577,0,3
1431969,cs-go,2026-04-27 16:57:54+00:00,Playoffs,Season 7 2026,124522,Nemiga,138610,Walczaki,124522,1,3
1466119,cs-go,2026-04-27 17:06:35+00:00,Contenders Stage,Season 26 2026,130739,PLATOON,132795,INFURITY Gaming,132795,0,3
1465443,cs-go,2026-04-27 17:06:37+00:00,Regular Season,Advanced Europe season 57 2026,135227,ENJOY,137324,Imperial Academy,135227,1,1
1465445,cs-go,2026-04-27 17:22:43+00:00,Regular Season,Advanced Europe season 57 2026,127899,VP.Prodigy,138560,PeePuP,127899,1,1
1463383,cs-go,2026-04-27 17:36:00+00:00,Regular Season,Season 13 2026,3251,ENCE,138129,BOJONG,3251,1,3
1433395,cs-go,2026-04-27 17:43:59+00:00,Regular Season,Advanced Europe season 57 2026,131162,BIG EQUIPA,137707,SINQU,137707,0,1
1448779,cs-go,2026-04-27 17:58:26+00:00,Group Stage,Season 32 2026,137953,Fortress,138575,FLOD,137953,1,3
1438514,cs-go,2026-04-27 18:03:13+00:00,Group Stage,Online Stage 2026,133063,UNiTY esports,129160,MOUZ NXT,133063,1,3
1456892,cs-go,2026-04-27 18:31:19+00:00,Playoffs,Europe Cup #4 season 51 2026,126694,BIG Academy,137474,Oldboys,126694,1,3
1462485,cs-go,2026-04-27 18:35:59+00:00,Group B,Closed Qualifier: Series #1 2026,137701,Bebop,138617,INOX Division,138617,0,3
1456890,cs-go,2026-04-27 18:38:08+00:00,Playoffs,Europe Cup #4 season 51 2026,134251,Rebels Gaming,137790,against All authority,134251,1,3
1456889,cs-go,2026-04-27 18:43:17+00:00,Playoffs,Europe Cup #4 season 51 2026,128519,GenOne,136659,SPARTA,136659,0,3
1456893,cs-go,2026-04-27 18:47:00+00:00,Playoffs,Europe Cup #4 season 51 2026,138370,Lavked,126417,Lilmix,138370,1,3
1465455,cs-go,2026-04-27 18:48:00+00:00,Regular Season,Advanced Europe season 57 2026,138561,TEAM_COPH9K,126515,ENRAGE,138561,1,1
1465458,cs-go,2026-04-27 18:48:26+00:00,Regular Season,Advanced Europe season 57 2026,130594,Dripmen,138478,Project 91,138478,0,1
1465450,cs-go,2026-04-27 18:48:41+00:00,Regular Season,Advanced Europe season 57 2026,127899,VP.Prodigy,137967,ReThink,127899,1,1
1456887,cs-go,2026-04-27 18:58:04+00:00,Playoffs,Europe Cup #4 season 51 2026,137289,Team Nemesis,138236,Hashiras,137289,1,3
1448780,cs-go,2026-04-27 18:58:20+00:00,Group Stage,Season 32 2026,133941,Sashi Academy,138169,Evo Novo,133941,1,3
1465447,cs-go,2026-04-27 19:01:42+00:00,Regular Season,Advanced Europe season 57 2026,133991,ZOTIX,134037,Banger Gang,134037,0,1
1465451,cs-go,2026-04-27 19:01:48+00:00,Regular Season,Advanced Europe season 57 2026,135913,Diamant Esports,138560,PeePuP,138560,0,1
1465452,cs-go,2026-04-27 19:01:52+00:00,Regular Season,Advanced Europe season 57 2026,138129,BOJONG,131591,XI Esport,131591,0,1
1465459,cs-go,2026-04-27 19:07:28+00:00,Regular Season,Advanced Europe season 57 2026,137943,LFO,137659,TNT,137943,1,1
1456891,cs-go,2026-04-27 19:36:25+00:00,Playoffs,Europe Cup #4 season 51 2026,130590,The Last Resort,136560,Phantom,136560,0,3
1438515,cs-go,2026-04-27 19:51:57+00:00,Group Stage,Online Stage 2026,138610,Walczaki,138496,Clutchain,138610,1,3
1456888,cs-go,2026-04-27 20:02:41+00:00,Playoffs,Europe Cup #4 season 51 2026,3217,fnatic,133269,Leo Team,3217,1,3
1448775,cs-go,2026-04-27 20:39:40+00:00,Group Stage,Season 32 2026,138578,MASQ,138604,L.820,138578,1,3
1465457,cs-go,2026-04-27 20:46:51+00:00,Regular Season,Advanced Europe season 57 2026,133991,ZOTIX,138478,Project 91,133991,1,1
1465460,cs-go,2026-04-27 20:58:20+00:00,Contenders Stage,Season 26 2026,137236,3DMAX Academy,135514,NeverPlay,135514,0,3
1463384,cs-go,2026-04-27 21:01:14+00:00,Regular Season,Season 13 2026,3251,ENCE,138131,BoyBand,138131,0,3
1456992,cs-go,2026-04-27 22:37:12+00:00,Playoffs,South America Cup #4 season 51 2026,134355,Galorys,129800,MIBR Academy,134355,1,3
1456993,cs-go,2026-04-27 22:43:55+00:00,Playoffs,South America Cup #4 season 51 2026,138156,RTT100,131848,largadosypelados,131848,0,3
1456990,cs-go,2026-04-27 22:45:03+00:00,Playoffs,South America Cup #4 season 51 2026,126377,Imperial,131538,Yawara Esports,126377,1,3
1456991,cs-go,2026-04-27 23:03:01+00:00,Playoffs,South America Cup #4 season 51 2026,135468,ShindeN,125863,Isurus,125863,0,3
1460361,cs-go,2026-04-27 23:15:27+00:00,Group A,North American 2026,135230,Team Aether,132756,shimmer,135230,1,3
1456989,cs-go,2026-04-27 23:39:45+00:00,Playoffs,South America Cup #4 season 51 2026,131253,ODDIK,136029,Fake do Biru,136029,0,3
1456995,cs-go,2026-04-27 23:41:35+00:00,Playoffs,South America Cup #4 season 51 2026,128378,Procyon Gaming,133326,Bounty Hunters Esports,133326,0,3
1456996,cs-go,2026-04-28 00:00:55+00:00,Playoffs,South America Cup #4 season 51 2026,3225,Keyd,137992,Fluxo W7M,3225,1,3
1460366,cs-go,2026-04-28 01:58:41+00:00,Group B,North American 2026,130401,InControl,138422,girl kissers,130401,1,3
1456953,cs-go,2026-04-28 02:18:23+00:00,Playoffs,North America Cup #4 2026,138368,Surge,134773,F5 Esports,134773,0,3
1456952,cs-go,2026-04-28 02:32:09+00:00,Playoffs,North America Cup #4 2026,137350,Reign Above,138044,FarmVille,138044,0,3
1456950,cs-go,2026-04-28 03:44:23+00:00,Playoffs,North America Cup #4 2026,132891,Zomblers,133997,regain,132891,1,3
1456955,cs-go,2026-04-28 03:44:27+00:00,Playoffs,North America Cup #4 2026,134333,Wanted Goons,138421,EMPIRE,134333,1,3
1465431,cs-go,2026-04-28 09:44:31+00:00,Playoffs,Regular season 4 2026,126491,NAVI Junior,136846,Prestige,136846,0,3
1462481,cs-go,2026-04-28 09:53:36+00:00,Group A,Closed Qualifier: Series #1 2026,137861,STATE,126624,Brute,137861,1,3
1466494,cs-go,2026-04-28 11:13:46+00:00,Contenders Stage,Season 26 2026,138163,Younglings,130779,gothboiclique,138163,1,3
1457352,cs-go,2026-04-28 11:17:46+00:00,Playoffs,Oceania Cup #4 season 51 2026,137596,Time Waves,138613,low cortisol,138613,0,3
1457351,cs-go,2026-04-28 11:53:09+00:00,Playoffs,Oceania Cup #4 season 51 2026,126278,FURY,138090,Skele,126278,1,3
1458892,cs-go,2026-04-28 12:09:24+00:00,Group D,Season 48 2026,137967,ReThink,131591,XI Esport,137967,1,3
1462486,cs-go,2026-04-28 12:23:38+00:00,Group B,Closed Qualifier: Series #1 2026,136815,HEROIC Academy,137701,Bebop,137701,0,3
1466493,cs-go,2026-04-28 13:57:01+00:00,Contenders Stage,Season 26 2026,136564,Ctrl Alt Defeat,137235,VP.Future,137235,0,3
1465430,cs-go,2026-04-28 14:15:31+00:00,Playoffs,Regular season 4 2026,126694,BIG Academy,137967,ReThink,126694,1,3
1460947,cs-go,2026-04-28 14:21:55+00:00,Group Stage,Series #1 season 4 2026,131538,Yawara Esports,137459,Alzon,131538,1,3
1457029,cs-go,2026-04-28 14:45:18+00:00,Playoffs,Asia-Pacific Cup #4 season 51 2026,135162,Boring Players,136330,Just Swing,136330,0,3
1457028,cs-go,2026-04-28 15:21:46+00:00,Playoffs,Asia-Pacific Cup #4 season 51 2026,130329,Rare Atom,137155,Kaleido Gaming,130329,1,3
1467059,cs-go,2026-04-28 15:30:24+00:00,Group Stage,Europe Series #1 season 2 2026,138370,Lavked,137790,against All authority,138370,1,3
1466515,cs-go,2026-04-28 15:33:27+00:00,Regular Season,Advanced Europe season 57 2026,133125,Aurora Young Blood,138560,PeePuP,133125,1,1
1467056,cs-go,2026-04-28 15:42:30+00:00,Group Stage,Europe Series #1 season 2 2026,136815,HEROIC Academy,133988,HyperSpirit,136815,1,3
1463385,cs-go,2026-04-28 15:49:45+00:00,Regular Season,Season 13 2026,127829,TOOMUCHVIDEOGAMES,138129,BOJONG,127829,1,3
1457027,cs-go,2026-04-28 15:52:17+00:00,Playoffs,Asia-Pacific Cup #4 season 51 2026,138152,BMZ,134069,The QUBE Esports,134069,0,3
1467053,cs-go,2026-04-28 15:54:03+00:00,Group Stage,Europe Series #1 season 2 2026,133542,CYBERSHOKE Esports,137703,ex-Zero Tenacity,137703,0,3
1466516,cs-go,2026-04-28 16:43:18+00:00,Regular Season,Advanced Europe season 57 2026,130570,QUAZAR,138465,Arch,138465,0,1
1465444,cs-go,2026-04-28 16:44:14+00:00,Regular Season,Advanced Europe season 57 2026,138462,Clutchain Female,138479,uust _esports,138479,0,1
1467058,cs-go,2026-04-28 16:45:49+00:00,Group Stage,Europe Series #1 season 2 2026,137416,TNC,128519,GenOne,128519,0,3
1458891,cs-go,2026-04-28 16:53:16+00:00,Group C,Season 48 2026,126491,NAVI Junior,136539,ALGO Esports,136539,0,3
1462482,cs-go,2026-04-28 16:57:40+00:00,Group A,Closed Qualifier: Series #1 2026,126417,Lilmix,136900,Ursa,126417,1,3
1438516,cs-go,2026-04-28 17:16:05+00:00,Playoffs,Online Stage 2026,138610,Walczaki,125071,Tricked,138610,1,3
1454772,cs-go,2026-04-28 17:25:24+00:00,Regular Season,Advanced Europe season 57 2026,135978,eternal premium,135321,G2 Ares,135978,1,1
1466517,cs-go,2026-04-28 17:26:10+00:00,Regular Season,Advanced Europe season 57 2026,137449,OlyBet SB,135474,Fire Flux Esports,137449,1,1
1466518,cs-go,2026-04-28 18:00:39+00:00,Regular Season,Advanced Europe season 57 2026,137271,FC Famalicão Esports,134037,Banger Gang,134037,0,1
1462487,cs-go,2026-04-28 18:36:26+00:00,Group B,Closed Qualifier: Series #1 2026,138624,NNP,138617,INOX Division,138617,0,3
1456896,cs-go,2026-04-28 18:36:29+00:00,Playoffs,Europe Cup #4 season 51 2026,126694,BIG Academy,128519,GenOne,128519,0,3
1466520,cs-go,2026-04-28 18:39:53+00:00,Regular Season,Advanced Europe season 57 2026,138129,BOJONG,135474,Fire Flux Esports,135474,0,1
1456898,cs-go,2026-04-28 19:01:17+00:00,Playoffs,Europe Cup #4 season 51 2026,137500,CYBERSHOKE Prospects,138236,Hashiras,138236,0,3
1438517,cs-go,2026-04-28 19:02:07+00:00,Playoffs,Online Stage 2026,128327,Young Ninjas,133063,UNiTY esports,128327,1,3
1463386,cs-go,2026-04-28 19:09:29+00:00,Regular Season,Season 13 2026,138626,cirahvi,130733,KUUSAMO.gg,138626,1,3
1467071,cs-go,2026-04-28 19:19:29+00:00,Playoffs,Masters Division season 10 2026,138642,MAGIC PIGGY,130594,Dripmen,130594,0,3
1456897,cs-go,2026-04-28 19:22:11+00:00,Playoffs,Europe Cup #4 season 51 2026,138370,Lavked,133269,Leo Team,138370,1,3
1456895,cs-go,2026-04-28 19:44:49+00:00,Playoffs,Europe Cup #4 season 51 2026,137790,against All authority,136560,Phantom,136560,0,3
1467054,cs-go,2026-04-28 20:01:32+00:00,Group Stage,Europe Series #1 season 2 2026,128394,AaB Esport,130590,The Last Resort,130590,0,3
1467055,cs-go,2026-04-28 20:46:16+00:00,Group Stage,Europe Series #1 season 2 2026,138610,Walczaki,137440,ASTRAL,137440,0,3
1467057,cs-go,2026-04-28 20:49:53+00:00,Group Stage,Europe Series #1 season 2 2026,136659,SPARTA,128629,megoshort,136659,1,3
1460907,cs-go,2026-04-28 21:34:44+00:00,Group B,April 2026,129384,FURIA fe,138086,METANOIA WOLVES,138086,0,3
1460949,cs-go,2026-04-28 21:36:56+00:00,Group Stage,Series #1 season 4 2026,137320,Vasco Esports,138111,Damajuana,137320,1,3
1467069,cs-go,2026-04-28 22:12:47+00:00,Playoffs,Masters Division season 10 2026,138645,Messiah,138644,SSSghoul,138645,1,3
1456998,cs-go,2026-04-28 22:25:30+00:00,Playoffs,South America Cup #4 season 51 2026,135580,Game Hunters,135468,ShindeN,135468,0,3
1460362,cs-go,2026-04-28 22:57:51+00:00,Group A,North American 2026,138044,FarmVille,135230,Team Aether,135230,0,3
1456997,cs-go,2026-04-28 23:02:22+00:00,Playoffs,South America Cup #4 season 51 2026,129800,MIBR Academy,131848,largadosypelados,129800,1,3
1456999,cs-go,2026-04-28 23:03:27+00:00,Playoffs,South America Cup #4 season 51 2026,131538,Yawara Esports,133326,Bounty Hunters Esports,133326,0,3
1460951,cs-go,2026-04-28 23:51:10+00:00,Group Stage,Series #1 season 4 2026,129384,FURIA fe,131849,paiN Academy,131849,0,3
1457000,cs-go,2026-04-29 00:07:33+00:00,Playoffs,South America Cup #4 season 51 2026,131253,ODDIK,3225,Keyd,3225,0,3
1460367,cs-go,2026-04-29 01:59:13+00:00,Group B,North American 2026,127826,Incognito,130401,InControl,130401,0,3
1456958,cs-go,2026-04-29 02:27:09+00:00,Playoffs,North America Cup #4 2026,136002,Fisher College,135230,Team Aether,136002,1,3
1456959,cs-go,2026-04-29 02:46:26+00:00,Playoffs,North America Cup #4 2026,133997,regain,134333,Wanted Goons,133997,1,3
1456957,cs-go,2026-04-29 03:41:23+00:00,Playoffs,North America Cup #4 2026,134773,F5 Esports,137350,Reign Above,137350,0,3
1466108,cs-go,2026-04-29 09:42:25+00:00,Playoffs,Regular season 4 2026,136786,LPH Gaming,136539,ALGO Esports,136539,0,3
1462489,cs-go,2026-04-29 09:57:41+00:00,Group C,Closed Qualifier: Series #1 2026,137080,MANA eSports,133988,HyperSpirit,137080,1,3
1468030,cs-go,2026-04-29 10:18:51+00:00,Playoffs,Season 48 2026,138281,Passion Academy,137967,ReThink,137967,0,3
1457350,cs-go,2026-04-29 10:32:13+00:00,Playoffs,Oceania Cup #4 season 51 2026,127125,MARKandLARRY,125873,Ground Zero,125873,0,3
1457354,cs-go,2026-04-29 11:00:32+00:00,Playoffs,Oceania Cup #4 season 51 2026,138015,Ding Cuts,138613,low cortisol,138015,1,3
1457349,cs-go,2026-04-29 11:59:48+00:00,Playoffs,Oceania Cup #4 season 51 2026,137594,THUNDER dOWNUNDER,138092,Abyssal,137594,1,3
1468031,cs-go,2026-04-29 12:03:31+00:00,Playoffs,Season 48 2026,132795,INFURITY Gaming,136539,ALGO Esports,136539,0,3
1466452,cs-go,2026-04-29 12:18:08+00:00,Playoffs,Episode 2: Closed Qualifier 2026,137511,illwill,134188,Johnny Speeds,137511,1,3
1462490,cs-go,2026-04-29 12:27:01+00:00,Group C,Closed Qualifier: Series #1 2026,137440,ASTRAL,138462,Clutchain Female,137440,1,3
1466107,cs-go,2026-04-29 13:03:47+00:00,Playoffs,Regular season 4 2026,126491,NAVI Junior,137967,ReThink,137967,0,3
1457032,cs-go,2026-04-29 14:28:16+00:00,Playoffs,Asia-Pacific Cup #4 season 51 2026,133900,The Huns Esports,138151,NEXVOID,138151,0,3
1466456,cs-go,2026-04-29 14:33:25+00:00,Playoffs,Episode 2: Closed Qualifier 2026,124522,Nemiga,129413,Eternal Fire,129413,0,3
1457033,cs-go,2026-04-29 14:35:43+00:00,Playoffs,Asia-Pacific Cup #4 season 51 2026,130329,Rare Atom,134069,The QUBE Esports,130329,1,3
1467693,cs-go,2026-04-29 15:22:43+00:00,Group Stage,Europe Series #1 season 2 2026,136817,AM Gaming,138617,INOX Division,138617,0,3
1457034,cs-go,2026-04-29 15:26:33+00:00,Playoffs,Asia-Pacific Cup #4 season 51 2026,137353,Last Bullet,136330,Just Swing,136330,0,3
1457031,cs-go,2026-04-29 15:41:45+00:00,Playoffs,Asia-Pacific Cup #4 season 51 2026,3248,TYLOO,134264,Chinggis Warriors,134264,0,3
1468044,cs-go,2026-04-29 15:57:55+00:00,Regular Season,Advanced Europe season 57 2026,137271,FC Famalicão Esports,138479,uust _esports,137271,1,1
1454774,cs-go,2026-04-29 16:02:00+00:00,Regular Season,Advanced Europe season 57 2026,137379,Square Sausages,138129,BOJONG,138129,0,1
1468045,cs-go,2026-04-29 16:26:21+00:00,Regular Season,Advanced Europe season 57 2026,130590,The Last Resort,135321,G2 Ares,135321,0,1
1466449,cs-go,2026-04-29 16:42:51+00:00,Playoffs,Episode 2: Closed Qualifier 2026,3260,Sharks,137508,Falcons Force,3260,1,3
1468048,cs-go,2026-04-29 17:18:18+00:00,Regular Season,Advanced Europe season 57 2026,131162,BIG EQUIPA,138129,BOJONG,131162,1,1
1468046,cs-go,2026-04-29 17:21:42+00:00,Regular Season,Advanced Europe season 57 2026,135978,eternal premium,137707,SINQU,135978,1,1
1460952,cs-go,2026-04-29 17:40:18+00:00,Group Stage,Series #1 season 4 2026,131161,Players,137143,R2 Esports Club,137143,0,3
1468557,cs-go,2026-04-29 17:49:34+00:00,Contenders Stage,Season 26 2026,138163,Younglings,137235,VP.Future,138163,1,3
1438555,cs-go,2026-04-29 17:57:12+00:00,Group A,Spring 2026,3455,Vitality,136955,FUT Esports,3455,1,3
1438518,cs-go,2026-04-29 18:26:30+00:00,Playoffs,Online Stage 2026,137112,KOLESIE,138610,Walczaki,138610,0,3
1468052,cs-go,2026-04-29 18:38:25+00:00,Regular Season,Advanced Europe season 57 2026,135474,Fire Flux Esports,138419,PURE,135474,1,1
1468053,cs-go,2026-04-29 18:39:07+00:00,Regular Season,Advanced Europe season 57 2026,127899,VP.Prodigy,131162,BIG EQUIPA,127899,1,1
1468050,cs-go,2026-04-29 18:40:34+00:00,Regular Season,Advanced Europe season 57 2026,138467,tincan,134037,Banger Gang,134037,0,1
1456902,cs-go,2026-04-29 18:43:18+00:00,Playoffs,Europe Cup #4 season 51 2026,138236,Hashiras,138370,Lavked,138370,0,3
1385745,cs-go,2026-04-29 18:45:39+00:00,Group Stage,Season 5 2026,129380,Playing Ducks,138178,Team LEISURE,138178,0,3
1456899,cs-go,2026-04-29 18:48:18+00:00,Playoffs,Europe Cup #4 season 51 2026,137289,Team Nemesis,3217,fnatic,137289,1,3
1468060,cs-go,2026-04-29 18:48:42+00:00,Regular Season,Advanced Europe season 57 2026,137379,Square Sausages,137075,Misa Esports,137075,0,1
1468061,cs-go,2026-04-29 18:48:59+00:00,Regular Season,Advanced Europe season 57 2026,137707,SINQU,130590,The Last Resort,130590,0,1
1468051,cs-go,2026-04-29 18:49:06+00:00,Regular Season,Advanced Europe season 57 2026,130594,Dripmen,137967,ReThink,130594,1,1
1468054,cs-go,2026-04-29 18:49:17+00:00,Regular Season,Advanced Europe season 57 2026,137449,OlyBet SB,131591,XI Esport,131591,0,1
1456901,cs-go,2026-04-29 18:50:47+00:00,Playoffs,Europe Cup #4 season 51 2026,128519,GenOne,136560,Phantom,136560,0,3
1468057,cs-go,2026-04-29 18:52:45+00:00,Regular Season,Advanced Europe season 57 2026,138561,TEAM_COPH9K,130570,QUAZAR,130570,0,1
1468049,cs-go,2026-04-29 18:57:26+00:00,Regular Season,Advanced Europe season 57 2026,137331,hindsight,138462,Clutchain Female,138462,0,1
1466454,cs-go,2026-04-29 19:25:24+00:00,Playoffs,Episode 2: Closed Qualifier 2026,137296,Gentle Mates,137440,ASTRAL,137296,1,3
1462495,cs-go,2026-04-29 19:54:23+00:00,Group D,Closed Qualifier: Series #1 2026,137271,FC Famalicão Esports,129922,EC BANGA,137271,1,3
1468062,cs-go,2026-04-29 20:00:02+00:00,Regular Season,Advanced Europe season 57 2026,137500,CYBERSHOKE Prospects,135913,Diamant Esports,137500,1,1
1438562,cs-go,2026-04-29 20:06:15+00:00,Group A,Spring 2026,3209,Astralis,3210,G2,3210,0,3
1456900,cs-go,2026-04-29 20:31:59+00:00,Playoffs,Europe Cup #4 season 51 2026,134251,Rebels Gaming,136659,SPARTA,136659,0,3
1385746,cs-go,2026-04-29 20:36:21+00:00,Group Stage,Season 5 2026,138181,Esport BERG,138180,FROX,138181,1,3
1438519,cs-go,2026-04-29 20:38:24+00:00,Playoffs,Online Stage 2026,131189,EYEBALLERS,128327,Young Ninjas,131189,1,3
1460953,cs-go,2026-04-29 20:46:11+00:00,Group Stage,Series #1 season 4 2026,135743,BESTIA Academy,3225,Keyd,3225,0,3
1385747,cs-go,2026-04-29 20:50:23+00:00,Group Stage,Season 5 2026,138304,Team AceZone,133571,Wave Esports,133571,0,3
1469272,cs-go,2026-04-29 21:54:35+00:00,Group D,April 2026,137966,Guara Esports,138574,9daplug,138574,0,3
1468563,cs-go,2026-04-29 22:01:54+00:00,Group B,April 2026,129384,FURIA fe,131849,paiN Academy,131849,0,3
1438855,cs-go,2026-04-29 22:12:27+00:00,Group B,Spring 2026,3216,Natus Vincere,3212,FaZe,3216,1,3
1460363,cs-go,2026-04-29 22:59:36+00:00,Group A,North American 2026,128002,OverKnight,132756,shimmer,132756,0,3
1457001,cs-go,2026-04-29 23:28:28+00:00,Playoffs,South America Cup #4 season 51 2026,126377,Imperial,136029,Fake do Biru,126377,1,3
1457004,cs-go,2026-04-29 23:42:33+00:00,Playoffs,South America Cup #4 season 51 2026,133326,Bounty Hunters Esports,3225,Keyd,133326,1,3
1460954,cs-go,2026-04-29 23:44:02+00:00,Group Stage,Series #1 season 4 2026,130605,UNO MILLE,137141,Crashers,130605,1,3
1457003,cs-go,2026-04-29 23:55:01+00:00,Playoffs,South America Cup #4 season 51 2026,135468,ShindeN,129800,MIBR Academy,135468,1,3
1460383,cs-go,2026-04-30 00:16:31+00:00,Group A,April 2026,135505,RED Canids Academy,127214,Red Feet,135505,1,3
1457002,cs-go,2026-04-30 00:18:34+00:00,Playoffs,South America Cup #4 season 51 2026,134355,Galorys,125863,Isurus,134355,1,3
1438856,cs-go,2026-04-30 01:12:32+00:00,Group B,Spring 2026,124530,FURIA,125847,GamerLegion,125847,0,3
1456962,cs-go,2026-04-30 02:21:00+00:00,Playoffs,North America Cup #4 2026,135273,Wildcard,138044,FarmVille,135273,1,3
1456963,cs-go,2026-04-30 02:35:43+00:00,Playoffs,North America Cup #4 2026,136002,Fisher College,137350,Reign Above,136002,1,3
1456961,cs-go,2026-04-30 02:43:57+00:00,Playoffs,North America Cup #4 2026,137510,Voca,132891,Zomblers,137510,1,3
1456964,cs-go,2026-04-30 03:39:11+00:00,Playoffs,North America Cup #4 2026,136064,Chicken Coop Esports,133997,regain,133997,0,3
1457355,cs-go,2026-04-30 10:37:35+00:00,Playoffs,Oceania Cup #4 season 51 2026,138015,Ding Cuts,138092,Abyssal,138092,0,3
1466098,cs-go,2026-04-30 10:56:09+00:00,Playoffs,Regular season 4 2026,137324,Imperial Academy,128394,AaB Esport,128394,0,3
1468032,cs-go,2026-04-30 10:59:12+00:00,Playoffs,Season 48 2026,135474,Fire Flux Esports,126694,BIG Academy,135474,1,3
1457356,cs-go,2026-04-30 11:48:25+00:00,Playoffs,Oceania Cup #4 season 51 2026,127125,MARKandLARRY,126278,FURY,126278,0,3
1466450,cs-go,2026-04-30 12:00:12+00:00,Playoffs,Episode 2: Closed Qualifier 2026,126408,9INE,137708,BET-M 33,137708,0,3
1467654,cs-go,2026-04-30 12:18:43+00:00,Group Stage,Europe Series #1 season 2 2026,138610,Walczaki,133988,HyperSpirit,138610,1,3
1466097,cs-go,2026-04-30 12:53:03+00:00,Playoffs,Regular season 4 2026,136846,Prestige,126694,BIG Academy,126694,0,3
1467061,cs-go,2026-04-30 12:59:12+00:00,Play-In Group A,Season 8 2026,136815,HEROIC Academy,133994,Oxuji Esports,133994,0,3
1468033,cs-go,2026-04-30 13:04:49+00:00,Playoffs,Season 48 2026,130733,KUUSAMO.gg,136786,LPH Gaming,136786,0,3
1466457,cs-go,2026-04-30 13:43:41+00:00,Playoffs,Episode 2: Closed Qualifier 2026,137739,magic,125071,Tricked,137739,1,3
1468560,cs-go,2026-04-30 13:55:43+00:00,Contenders Stage,Season 26 2026,136564,Ctrl Alt Defeat,138405,Z7 Esports,138405,0,3
1462492,cs-go,2026-04-30 15:37:06+00:00,Group C,Closed Qualifier: Series #1 2026,137080,MANA eSports,137440,ASTRAL,137440,0,3
1467655,cs-go,2026-04-30 15:37:37+00:00,Group Stage,Europe Series #1 season 2 2026,133542,CYBERSHOKE Esports,137790,against All authority,133542,1,3
1457035,cs-go,2026-04-30 15:53:29+00:00,Playoffs,Asia-Pacific Cup #4 season 51 2026,130329,Rare Atom,3248,TYLOO,3248,0,3
1438570,cs-go,2026-04-30 16:46:21+00:00,Group A,Spring 2026,136955,FUT Esports,3209,Astralis,3209,0,3
1466453,cs-go,2026-04-30 17:09:35+00:00,Playoffs,Episode 2: Closed Qualifier 2026,126452,100 Thieves,137948,TDK,126452,1,3
1467656,cs-go,2026-04-30 17:10:56+00:00,Group Stage,Europe Series #1 season 2 2026,128394,AaB Esport,137416,TNC,128394,1,3
1467062,cs-go,2026-04-30 17:19:28+00:00,Play-In Group B,Season 8 2026,138537,PsychoFace,133063,UNiTY esports,133063,0,3
1468561,cs-go,2026-04-30 17:38:23+00:00,Contenders Stage,Season 26 2026,130739,PLATOON,137236,3DMAX Academy,130739,1,3
1470098,cs-go,2026-04-30 17:42:19+00:00,Regular Season,Advanced Europe season 57 2026,130594,Dripmen,128935,bankaPEPSI,128935,0,1
1470097,cs-go,2026-04-30 17:51:26+00:00,Regular Season,Advanced Europe season 57 2026,137943,LFO,126515,ENRAGE,137943,1,1
1470096,cs-go,2026-04-30 18:12:46+00:00,Regular Season,Advanced Europe season 57 2026,137324,Imperial Academy,138465,Arch,138465,0,1
1470100,cs-go,2026-04-30 18:40:00+00:00,Regular Season,Advanced Europe season 57 2026,134037,Banger Gang,137331,hindsight,134037,1,1
1462497,cs-go,2026-04-30 18:43:25+00:00,Group D,Closed Qualifier: Series #1 2026,138537,PsychoFace,137271,FC Famalicão Esports,138537,1,3
1457920,cs-go,2026-04-30 19:00:08+00:00,Regular Season,Advanced Europe season 57 2026,135978,eternal premium,129468,Glitchtech Esports,129468,0,1
1456904,cs-go,2026-04-30 19:01:22+00:00,Playoffs,Europe Cup #4 season 51 2026,3217,fnatic,136560,Phantom,3217,1,3
1470099,cs-go,2026-04-30 19:01:46+00:00,Regular Season,Advanced Europe season 57 2026,138561,TEAM_COPH9K,137474,Oldboys,137474,0,1
1456905,cs-go,2026-04-30 19:16:26+00:00,Playoffs,Europe Cup #4 season 51 2026,134251,Rebels Gaming,138370,Lavked,138370,0,3
1467598,cs-go,2026-04-30 19:27:19+00:00,Group Stage,Series #1 season 4 2026,138111,Damajuana,131161,Players,131161,0,3
1467063,cs-go,2026-04-30 19:40:07+00:00,Play-In Group B,Season 8 2026,136539,ALGO Esports,137416,TNC,137416,0,3
1438563,cs-go,2026-04-30 20:10:54+00:00,Group A,Spring 2026,3455,Vitality,3210,G2,3455,1,3
1466455,cs-go,2026-04-30 20:22:48+00:00,Playoffs,Episode 2: Closed Qualifier 2026,133686,Passion UA,137699,FOKUS,137699,0,3
1467599,cs-go,2026-04-30 21:06:46+00:00,Group Stage,Series #1 season 4 2026,135743,BESTIA Academy,129384,FURIA fe,135743,1,3
1468562,cs-go,2026-04-30 21:18:50+00:00,Contenders Stage,Season 26 2026,138631,Privateer Gaming,137285,Hermine Esports Club,137285,0,3
1467070,cs-go,2026-04-30 22:08:18+00:00,Playoffs,Masters Division season 10 2026,138646,OKSUCC,138643,RESTORE-UK,138643,0,3
1457006,cs-go,2026-04-30 22:53:15+00:00,Playoffs,South America Cup #4 season 51 2026,125863,Isurus,133326,Bounty Hunters Esports,133326,0,3
1438920,cs-go,2026-04-30 22:56:36+00:00,Group B,Spring 2026,3212,FaZe,124530,FURIA,3212,1,3
1460364,cs-go,2026-04-30 23:24:37+00:00,Group A,North American 2026,138044,FarmVille,132756,shimmer,138044,1,3
1457005,cs-go,2026-04-30 23:50:55+00:00,Playoffs,South America Cup #4 season 51 2026,136029,Fake do Biru,135468,ShindeN,135468,0,3
1438919,cs-go,2026-05-01 00:51:51+00:00,Group B,Spring 2026,3216,Natus Vincere,125847,GamerLegion,3216,1,3
1460369,cs-go,2026-05-01 01:46:45+00:00,Group B,North American 2026,138422,girl kissers,127826,Incognito,127826,0,3
1456965,cs-go,2026-05-01 03:48:41+00:00,Playoffs,North America Cup #4 2026,136002,Fisher College,132891,Zomblers,132891,0,3
1456966,cs-go,2026-05-01 04:04:59+00:00,Playoffs,North America Cup #4 2026,138044,FarmVille,133997,regain,133997,0,3
1467637,cs-go,2026-05-01 09:39:02+00:00,Play-In Group A,Season 8 2026,138610,Walczaki,133994,Oxuji Esports,138610,1,3
1469565,cs-go,2026-05-01 09:44:20+00:00,Playoffs,Season 48 2026,138281,Passion Academy,132795,INFURITY Gaming,132795,0,3
1466106,cs-go,2026-05-01 09:46:06+00:00,Playoffs,Regular season 4 2026,136846,Prestige,136539,ALGO Esports,136539,0,3
1457359,cs-go,2026-05-01 10:24:30+00:00,Playoffs,Oceania Cup #4 season 51 2026,125873,Ground Zero,137594,THUNDER dOWNUNDER,137594,0,3
1462483,cs-go,2026-05-01 10:31:47+00:00,Group A,Closed Qualifier: Series #1 2026,137861,STATE,136900,Ursa,136900,0,3
1469566,cs-go,2026-05-01 12:17:34+00:00,Playoffs,Season 48 2026,126694,BIG Academy,130733,KUUSAMO.gg,126694,1,3
1467657,cs-go,2026-05-01 12:37:41+00:00,Group Stage,Europe Series #1 season 2 2026,128519,GenOne,130590,The Last Resort,128519,1,3
1467658,cs-go,2026-05-01 12:45:38+00:00,Group Stage,Europe Series #1 season 2 2026,138370,Lavked,137703,ex-Zero Tenacity,137703,0,3
1466105,cs-go,2026-05-01 13:17:41+00:00,Playoffs,Regular season 4 2026,137324,Imperial Academy,137967,ReThink,137324,1,3
1471618,cs-go,2026-05-01 14:01:01+00:00,Contenders Stage,Season 26 2026,132795,INFURITY Gaming,138461,MAJIX ESPORTS,132795,1,3
1467641,cs-go,2026-05-01 14:23:46+00:00,Play-In Group B,Season 8 2026,137416,TNC,133063,UNiTY esports,137416,1,3
1467601,cs-go,2026-05-01 14:32:19+00:00,Group Stage,Series #1 season 4 2026,137143,R2 Esports Club,3225,Keyd,3225,0,3
1457038,cs-go,2026-05-01 14:41:31+00:00,Playoffs,Asia-Pacific Cup #4 season 51 2026,3248,TYLOO,133900,The Huns Esports,3248,1,3
1457037,cs-go,2026-05-01 14:44:22+00:00,Playoffs,Asia-Pacific Cup #4 season 51 2026,138151,NEXVOID,134264,Chinggis Warriors,138151,1,3
1471614,cs-go,2026-05-01 16:01:03+00:00,Regular Season,Advanced Europe season 57 2026,138465,Arch,137356,JUMBO TEAM,138465,1,1
1466496,cs-go,2026-05-01 16:34:30+00:00,Group A,Season 1 2026,134188,Johnny Speeds,138640,dJ uNT frIENDS,134188,1,1
1466497,cs-go,2026-05-01 16:53:46+00:00,Group A,Season 1 2026,126417,Lilmix,127976,Infinite,127976,0,1
1467638,cs-go,2026-05-01 16:58:21+00:00,Play-In Group A,Season 8 2026,136815,HEROIC Academy,137701,Bebop,137701,0,3
1462493,cs-go,2026-05-01 17:05:27+00:00,Group C,Closed Qualifier: Series #1 2026,133988,HyperSpirit,137080,MANA eSports,137080,0,3
1466499,cs-go,2026-05-01 17:33:51+00:00,Group A,Season 1 2026,126417,Lilmix,138640,dJ uNT frIENDS,126417,1,1
1467602,cs-go,2026-05-01 17:37:33+00:00,Group Stage,Series #1 season 4 2026,125863,Isurus,131538,Yawara Esports,131538,0,3
1467659,cs-go,2026-05-01 17:46:11+00:00,Group Stage,Europe Series #1 season 2 2026,136659,SPARTA,138617,INOX Division,138617,0,3
1466498,cs-go,2026-05-01 17:47:54+00:00,Group A,Season 1 2026,134188,Johnny Speeds,127976,Infinite,127976,0,1
1471619,cs-go,2026-05-01 18:27:37+00:00,Contenders Stage,Season 26 2026,135126,FORZE Reload,138163,Younglings,135126,1,3
1466500,cs-go,2026-05-01 18:42:59+00:00,Group A,Season 1 2026,134188,Johnny Speeds,126417,Lilmix,134188,1,1
1466501,cs-go,2026-05-01 18:46:18+00:00,Group A,Season 1 2026,127976,Infinite,138640,dJ uNT frIENDS,127976,1,1
1467660,cs-go,2026-05-01 18:54:06+00:00,Group Stage,Europe Series #1 season 2 2026,136815,HEROIC Academy,137440,ASTRAL,137440,0,3
1459536,cs-go,2026-05-01 19:02:15+00:00,Group Stage,Brazil 2026,126377,Imperial,136029,Fake do Biru,126377,1,3
1471616,cs-go,2026-05-01 19:02:45+00:00,Regular Season,Advanced Europe season 57 2026,138561,TEAM_COPH9K,137075,Misa Esports,137075,0,1
1456906,cs-go,2026-05-01 19:05:49+00:00,Playoffs,Europe Cup #4 season 51 2026,3217,fnatic,138370,Lavked,3217,1,3
1467640,cs-go,2026-05-01 19:16:46+00:00,Play-In Group B,Season 8 2026,138537,PsychoFace,136539,ALGO Esports,138537,1,3
1466503,cs-go,2026-05-01 20:45:11+00:00,Group B,Season 1 2026,135321,G2 Ares,138296,Matrix,135321,1,1
1462516,cs-go,2026-05-01 20:46:57+00:00,Group D,Closed Qualifier: Series #1 2026,130594,Dripmen,137271,FC Famalicão Esports,137271,0,3
1466502,cs-go,2026-05-01 21:17:02+00:00,Group B,Season 1 2026,126738,SAW,132459,ROUNDS,132459,0,1
1467603,cs-go,2026-05-01 21:29:36+00:00,Group Stage,Series #1 season 4 2026,137320,Vasco Esports,131849,paiN Academy,131849,0,3
1470143,cs-go,2026-05-01 21:48:54+00:00,Group C,April 2026,129800,MIBR Academy,137468,Vexa,129800,1,3
1466505,cs-go,2026-05-01 22:12:11+00:00,Group B,Season 1 2026,135321,G2 Ares,132459,ROUNDS,135321,1,1
1466504,cs-go,2026-05-01 22:15:45+00:00,Group B,Season 1 2026,126738,SAW,138296,Matrix,138296,0,1
1459538,cs-go,2026-05-01 22:34:00+00:00,Group Stage,Brazil 2026,137992,Fluxo W7M,131848,largadosypelados,131848,0,3
1457007,cs-go,2026-05-01 22:44:42+00:00,Playoffs,South America Cup #4 season 51 2026,126377,Imperial,134355,Galorys,126377,1,3
1448725,cs-go,2026-05-01 23:01:15+00:00,Playoffs,Spring 2026,3210,G2,3212,FaZe,3212,0,3
1466507,cs-go,2026-05-01 23:11:15+00:00,Group B,Season 1 2026,138296,Matrix,132459,ROUNDS,132459,0,1
1466506,cs-go,2026-05-01 23:16:01+00:00,Group B,Season 1 2026,126738,SAW,135321,G2 Ares,135321,0,1
1457008,cs-go,2026-05-01 23:52:16+00:00,Playoffs,South America Cup #4 season 51 2026,135468,ShindeN,133326,Bounty Hunters Esports,133326,0,3
1448726,cs-go,2026-05-02 02:10:42+00:00,Playoffs,Spring 2026,3209,Astralis,125847,GamerLegion,125847,0,3
1456967,cs-go,2026-05-02 02:32:03+00:00,Playoffs,North America Cup #4 2026,137510,Voca,135273,Wildcard,135273,0,3
1456968,cs-go,2026-05-02 02:44:41+00:00,Playoffs,North America Cup #4 2026,132891,Zomblers,133997,regain,132891,1,3
1469567,cs-go,2026-05-02 09:39:13+00:00,Playoffs,Season 48 2026,137967,ReThink,136539,ALGO Esports,136539,0,3
1462475,cs-go,2026-05-02 10:09:19+00:00,Play-In,Closed Qualifier: Series #1 2026,126417,Lilmix,137271,FC Famalicão Esports,137271,0,3
1466460,cs-go,2026-05-02 10:56:06+00:00,Playoffs,Episode 2: Closed Qualifier 2026,137296,Gentle Mates,137699,FOKUS,137296,1,3
1467661,cs-go,2026-05-02 10:59:00+00:00,Group Stage,Europe Series #1 season 2 2026,128519,GenOne,138617,INOX Division,138617,0,3
1466508,cs-go,2026-05-02 11:30:32+00:00,Playoffs,Season 1 2026,132459,ROUNDS,126417,Lilmix,126417,0,3
1466509,cs-go,2026-05-02 11:47:47+00:00,Playoffs,Season 1 2026,134188,Johnny Speeds,138296,Matrix,134188,1,3
1469568,cs-go,2026-05-02 12:01:58+00:00,Playoffs,Season 48 2026,135474,Fire Flux Esports,136786,LPH Gaming,135474,1,3
1470194,cs-go,2026-05-02 12:29:15+00:00,Playoffs,Challengers Series season 2 2026,129922,EC BANGA,126232,m1x,126232,0,3
1457358,cs-go,2026-05-02 12:31:39+00:00,Playoffs,Oceania Cup #4 season 51 2026,125873,Ground Zero,138092,Abyssal,125873,1,3
1466099,cs-go,2026-05-02 13:04:57+00:00,Playoffs,Regular season 4 2026,126694,BIG Academy,128394,AaB Esport,126694,1,3
1466461,cs-go,2026-05-02 13:20:45+00:00,Playoffs,Episode 2: Closed Qualifier 2026,129413,Eternal Fire,137739,magic,137739,0,3
1467662,cs-go,2026-05-02 13:47:12+00:00,Group Stage,Europe Series #1 season 2 2026,137440,ASTRAL,137703,ex-Zero Tenacity,137703,0,3
1462476,cs-go,2026-05-02 13:53:26+00:00,Play-In,Closed Qualifier: Series #1 2026,138537,PsychoFace,136900,Ursa,136900,0,3
1472560,cs-go,2026-05-02 15:02:56+00:00,Contenders Stage,Season 26 2026,138639,Pitstop crew,137285,Hermine Esports Club,137285,0,3
1470196,cs-go,2026-05-02 15:17:42+00:00,Playoffs,Challengers Series season 2 2026,138617,INOX Division,133125,Aurora Young Blood,138617,1,3
1466511,cs-go,2026-05-02 15:27:00+00:00,Playoffs,Season 1 2026,135321,G2 Ares,134188,Johnny Speeds,134188,0,3
1457039,cs-go,2026-05-02 15:37:18+00:00,Playoffs,Asia-Pacific Cup #4 season 51 2026,3248,TYLOO,134264,Chinggis Warriors,3248,1,3
1467663,cs-go,2026-05-02 15:46:12+00:00,Group Stage,Europe Series #1 season 2 2026,133542,CYBERSHOKE Esports,138370,Lavked,138370,0,3
1462477,cs-go,2026-05-02 15:55:11+00:00,Play-In,Closed Qualifier: Series #1 2026,137440,ASTRAL,137701,Bebop,137701,0,3
1466510,cs-go,2026-05-02 16:27:44+00:00,Playoffs,Season 1 2026,127976,Infinite,126417,Lilmix,127976,1,3
1467642,cs-go,2026-05-02 17:24:27+00:00,Play-In Group B,Season 8 2026,133063,UNiTY esports,138537,PsychoFace,133063,1,3
1466459,cs-go,2026-05-02 17:53:12+00:00,Playoffs,Episode 2: Closed Qualifier 2026,137511,illwill,126452,100 Thieves,126452,0,3
1472561,cs-go,2026-05-02 18:01:30+00:00,Contenders Stage,Season 26 2026,135514,NeverPlay,137235,VP.Future,135514,1,3
1467664,cs-go,2026-05-02 18:38:08+00:00,Group Stage,Europe Series #1 season 2 2026,138610,Walczaki,128394,AaB Esport,138610,1,3
1448727,cs-go,2026-05-02 19:20:37+00:00,Playoffs,Spring 2026,3216,Natus Vincere,3212,FaZe,3216,1,3
1466513,cs-go,2026-05-02 19:32:37+00:00,Playoffs,Season 1 2026,135321,G2 Ares,126417,Lilmix,135321,1,3
1456907,cs-go,2026-05-02 19:55:45+00:00,Playoffs,Europe Cup #4 season 51 2026,136659,SPARTA,3217,fnatic,136659,1,3
1462478,cs-go,2026-05-02 19:57:46+00:00,Play-In,Closed Qualifier: Series #1 2026,138617,INOX Division,137080,MANA eSports,138617,1,3
1459537,cs-go,2026-05-02 20:15:03+00:00,Group Stage,Brazil 2026,138620,Turma do Pagode,133326,Bounty Hunters Esports,138620,1,3
1467068,cs-go,2026-05-02 20:19:04+00:00,Playoffs,Masters Division season 10 2026,130590,The Last Resort,138641,Vlad to the Bone666,130590,1,3
1466458,cs-go,2026-05-02 20:25:22+00:00,Playoffs,Episode 2: Closed Qualifier 2026,3260,Sharks,137708,BET-M 33,3260,1,3
1466512,cs-go,2026-05-02 20:55:47+00:00,Playoffs,Season 1 2026,134188,Johnny Speeds,127976,Infinite,127976,0,3
1472562,cs-go,2026-05-02 21:07:16+00:00,Contenders Stage,Season 26 2026,134057,HAVENs,130739,PLATOON,134057,1,3
1448728,cs-go,2026-05-02 22:03:12+00:00,Playoffs,Spring 2026,3455,Vitality,125847,GamerLegion,3455,1,3
1467607,cs-go,2026-05-02 22:14:25+00:00,Group Stage,Series #1 season 4 2026,135743,BESTIA Academy,137459,Alzon,135743,1,3
1460371,cs-go,2026-05-02 22:58:09+00:00,Playoffs,North American 2026,132891,Zomblers,130401,InControl,132891,1,3
1457009,cs-go,2026-05-02 23:04:48+00:00,Playoffs,South America Cup #4 season 51 2026,134355,Galorys,133326,Bounty Hunters Esports,133326,0,3
1459541,cs-go,2026-05-02 23:27:12+00:00,Group Stage,Brazil 2026,3225,Keyd,129800,MIBR Academy,3225,1,3
1459540,cs-go,2026-05-02 23:29:52+00:00,Group Stage,Brazil 2026,130605,UNO MILLE,138524,QUINTESSÊNCIA,130605,1,3
1467608,cs-go,2026-05-03 00:04:13+00:00,Group Stage,Series #1 season 4 2026,137889,ELITES,125863,Isurus,125863,0,3
1456969,cs-go,2026-05-03 02:22:26+00:00,Playoffs,North America Cup #4 2026,137510,Voca,132891,Zomblers,137510,1,3
1457360,cs-go,2026-05-03 10:34:24+00:00,Playoffs,Oceania Cup #4 season 51 2026,137594,THUNDER dOWNUNDER,125873,Ground Zero,137594,1,3
1467066,cs-go,2026-05-03 10:54:58+00:00,Play-In Group D,Season 8 2026,136900,Ursa,125774,HAVU,136900,1,3
1469168,cs-go,2026-05-03 11:07:11+00:00,Group Stage,Series 1 2026,137584,Omega,138370,Lavked,138370,0,3
1469569,cs-go,2026-05-03 11:07:37+00:00,Playoffs,Season 48 2026,132795,INFURITY Gaming,136786,LPH Gaming,132795,1,3
1466103,cs-go,2026-05-03 11:18:57+00:00,Playoffs,Regular season 4 2026,137324,Imperial Academy,128394,AaB Esport,137324,1,3
1463387,cs-go,2026-05-03 12:09:30+00:00,Regular Season,Season 13 2026,137707,SINQU,138627,KAJO,137707,1,3
1467666,cs-go,2026-05-03 12:28:05+00:00,Group Stage,Europe Series #1 season 2 2026,136817,AM Gaming,130590,The Last Resort,136817,1,3
1467667,cs-go,2026-05-03 12:32:28+00:00,Group Stage,Europe Series #1 season 2 2026,133988,HyperSpirit,137790,against All authority,137790,0,3
1467665,cs-go,2026-05-03 12:40:37+00:00,Group Stage,Europe Series #1 season 2 2026,136659,SPARTA,136815,HEROIC Academy,136659,1,3
1470190,cs-go,2026-05-03 12:43:44+00:00,Playoffs,Challengers Series season 2 2026,126624,Brute,138027,Benched gods,126624,1,3
1469169,cs-go,2026-05-03 12:55:34+00:00,Group Stage,Series 1 2026,137932,ex-RUBY,125774,HAVU,137932,1,3
1467064,cs-go,2026-05-03 14:04:43+00:00,Play-In Group C,Season 8 2026,138370,Lavked,128519,GenOne,138370,1,3
1474488,cs-go,2026-05-03 14:27:51+00:00,Contenders Stage,Season 26 2026,138638,Oldboys,135514,NeverPlay,138638,1,3
1469570,cs-go,2026-05-03 14:36:09+00:00,Playoffs,Season 48 2026,126694,BIG Academy,137967,ReThink,126694,1,3
1463388,cs-go,2026-05-03 14:47:23+00:00,Regular Season,Season 13 2026,3251,ENCE,127829,TOOMUCHVIDEOGAMES,3251,1,3
1466463,cs-go,2026-05-03 15:00:08+00:00,Playoffs,Episode 2: Closed Qualifier 2026,137296,Gentle Mates,137739,magic,137739,0,3
1470193,cs-go,2026-05-03 15:39:30+00:00,Playoffs,Challengers Series season 2 2026,130594,Dripmen,138650,NEW VISION,138650,0,3
1467065,cs-go,2026-05-03 15:53:59+00:00,Play-In Group C,Season 8 2026,136560,Phantom,137790,against All authority,136560,1,3
1457040,cs-go,2026-05-03 16:14:24+00:00,Playoffs,Asia-Pacific Cup #4 season 51 2026,138151,NEXVOID,3248,TYLOO,3248,0,3
1466462,cs-go,2026-05-03 17:05:35+00:00,Playoffs,Episode 2: Closed Qualifier 2026,3260,Sharks,126452,100 Thieves,3260,1,3
1463389,cs-go,2026-05-03 17:10:48+00:00,Regular Season,Season 13 2026,138627,KAJO,138129,BOJONG,138129,0,3
1474489,cs-go,2026-05-03 18:27:12+00:00,Contenders Stage,Season 26 2026,138461,MAJIX ESPORTS,138163,Younglings,138163,0,3
1467610,cs-go,2026-05-03 18:54:28+00:00,Group Stage,Series #1 season 4 2026,137320,Vasco Esports,131161,Players,137320,1,3
1456908,cs-go,2026-05-03 19:19:54+00:00,Playoffs,Europe Cup #4 season 51 2026,137289,Team Nemesis,136659,SPARTA,137289,1,3
1467668,cs-go,2026-05-03 19:40:47+00:00,Group Stage,Europe Series #1 season 2 2026,137416,TNC,128629,megoshort,128629,0,3
1467067,cs-go,2026-05-03 19:57:23+00:00,Play-In Group D,Season 8 2026,134251,Rebels Gaming,133988,HyperSpirit,133988,0,3
1469172,cs-go,2026-05-03 20:19:50+00:00,Group Stage,Series 1 2026,137948,TDK,138617,INOX Division,138617,0,3
1448730,cs-go,2026-05-03 20:46:36+00:00,Playoffs,Spring 2026,3216,Natus Vincere,3455,Vitality,3455,0,5
1459543,cs-go,2026-05-03 20:59:07+00:00,Group Stage,Brazil 2026,130605,UNO MILLE,3225,Keyd,130605,1,3
1459544,cs-go,2026-05-03 23:31:27+00:00,Group Stage,Brazil 2026,137992,Fluxo W7M,136029,Fake do Biru,136029,0,3
1467612,cs-go,2026-05-03 23:40:49+00:00,Group Stage,Series #1 season 4 2026,3225,Keyd,131849,paiN Academy,3225,1,3
1457010,cs-go,2026-05-04 00:14:26+00:00,Playoffs,South America Cup #4 season 51 2026,126377,Imperial,133326,Bounty Hunters Esports,126377,1,3
1473932,cs-go,2026-05-04 03:04:02+00:00,Group A,April 2026,135505,RED Canids Academy,138524,QUINTESSÊNCIA,138524,0,3
1456970,cs-go,2026-05-04 03:16:46+00:00,Playoffs,North America Cup #4 2026,137510,Voca,135273,Wildcard,137510,1,3
1460376,cs-go,2026-05-04 05:39:38+00:00,Playoffs,North American 2026,133435,M80,135273,Wildcard,133435,1,3
1467647,cs-go,2026-05-04 09:51:59+00:00,Play-In Group D,Season 8 2026,136900,Ursa,133988,HyperSpirit,136900,1,3
1466102,cs-go,2026-05-04 09:53:33+00:00,Playoffs,Regular season 4 2026,126694,BIG Academy,137324,Imperial Academy,137324,0,3
1469571,cs-go,2026-05-04 11:00:00+00:00,Playoffs,Season 48 2026,136539,ALGO Esports,135474,Fire Flux Esports,136539,1,3
1467669,cs-go,2026-05-04 12:28:47+00:00,Group Stage,Europe Series #1 season 2 2026,128394,AaB Esport,137790,against All authority,128394,1,3
1467670,cs-go,2026-05-04 12:46:33+00:00,Group Stage,Europe Series #1 season 2 2026,133542,CYBERSHOKE Esports,128629,megoshort,133542,1,3
1469174,cs-go,2026-05-04 12:56:05+00:00,Group Stage,Series 1 2026,137416,TNC,133063,UNiTY esports,137416,1,3
1467646,cs-go,2026-05-04 13:13:43+00:00,Play-In Group D,Season 8 2026,134251,Rebels Gaming,125774,HAVU,134251,1,3
1469572,cs-go,2026-05-04 14:15:17+00:00,Playoffs,Season 48 2026,132795,INFURITY Gaming,126694,BIG Academy,126694,0,3
1470236,cs-go,2026-05-04 15:54:16+00:00,Playoffs,Challengers Series season 2 2026,130590,The Last Resort,126232,m1x,130590,1,3
1469184,cs-go,2026-05-04 16:04:34+00:00,Group Stage,Series 1 2026,129160,MOUZ NXT,136900,Ursa,136900,0,3
1463390,cs-go,2026-05-04 16:10:30+00:00,Regular Season,Season 13 2026,130733,KUUSAMO.gg,138131,BoyBand,138131,0,3
1467644,cs-go,2026-05-04 16:45:42+00:00,Play-In Group C,Season 8 2026,138370,Lavked,136560,Phantom,138370,1,3
1467578,cs-go,2026-05-04 17:00:08+00:00,Group Stage,Season 32 2026,138578,MASQ,138580,Washed,138580,0,3
1470232,cs-go,2026-05-04 17:02:24+00:00,Playoffs,Challengers Series season 2 2026,138026,Atreides,126624,Brute,126624,0,3
1385749,cs-go,2026-05-04 17:40:33+00:00,Group Stage,Season 5 2026,138178,Team LEISURE,138304,Team AceZone,138304,0,3
1475989,cs-go,2026-05-04 17:42:01+00:00,Regular Season,Advanced Europe season 57 2026,136934,Bushido Wildcats,126515,ENRAGE,136934,1,1
1467577,cs-go,2026-05-04 17:50:36+00:00,Group Stage,Season 32 2026,127911,MASONIC,128432,struggletony,128432,0,3
1469185,cs-go,2026-05-04 18:08:43+00:00,Group Stage,Series 1 2026,138610,Walczaki,137271,FC Famalicão Esports,138610,1,3
1467613,cs-go,2026-05-04 18:11:57+00:00,Group Stage,Series #1 season 4 2026,137141,Crashers,137459,Alzon,137459,0,3
1474492,cs-go,2026-05-04 18:30:56+00:00,Contenders Stage,Season 26 2026,136564,Ctrl Alt Defeat,130739,PLATOON,136564,1,3
1467643,cs-go,2026-05-04 18:38:41+00:00,Play-In Group C,Season 8 2026,128519,GenOne,137790,against All authority,128519,1,3
1467671,cs-go,2026-05-04 18:40:52+00:00,Group Stage,Europe Series #1 season 2 2026,136815,HEROIC Academy,130590,The Last Resort,130590,0,3
1475992,cs-go,2026-05-04 18:42:52+00:00,Regular Season,Advanced Europe season 57 2026,138466,SE7ENS Esport,137967,ReThink,137967,0,1
1475997,cs-go,2026-05-04 18:46:35+00:00,Regular Season,Advanced Europe season 57 2026,138419,PURE,137473,OldBoys,138419,1,1
1463391,cs-go,2026-05-04 18:47:38+00:00,Regular Season,Season 13 2026,138626,cirahvi,137707,SINQU,138626,1,3
1475990,cs-go,2026-05-04 18:48:16+00:00,Regular Season,Advanced Europe season 57 2026,138462,Clutchain Female,138471,Nerve of Cow,138462,1,1
1475996,cs-go,2026-05-04 18:51:14+00:00,Regular Season,Advanced Europe season 57 2026,131162,BIG EQUIPA,137356,JUMBO TEAM,137356,0,1
1476003,cs-go,2026-05-04 18:51:25+00:00,Regular Season,Advanced Europe season 57 2026,136934,Bushido Wildcats,138646,OKSUCC,136934,1,1
1475994,cs-go,2026-05-04 18:55:03+00:00,Regular Season,Advanced Europe season 57 2026,129468,Glitchtech Esports,130594,Dripmen,130594,0,1
1476002,cs-go,2026-05-04 18:56:22+00:00,Regular Season,Advanced Europe season 57 2026,137508,Falcons Force,137943,LFO,137508,1,1
1475995,cs-go,2026-05-04 18:57:55+00:00,Regular Season,Advanced Europe season 57 2026,132459,ROUNDS,135913,Diamant Esports,132459,1,1
1475998,cs-go,2026-05-04 18:58:13+00:00,Regular Season,Advanced Europe season 57 2026,138465,Arch,126515,ENRAGE,138465,1,1
1476000,cs-go,2026-05-04 18:58:28+00:00,Regular Season,Advanced Europe season 57 2026,137474,Oldboys,137538,B8 Academy,137538,0,1
1467580,cs-go,2026-05-04 19:12:24+00:00,Group Stage,Season 32 2026,131591,XI Esport,137953,Fortress,131591,1,3
1467579,cs-go,2026-05-04 19:43:51+00:00,Group Stage,Season 32 2026,133941,Sashi Academy,138577,AaB Bulls,133941,1,3
1385748,cs-go,2026-05-04 19:54:51+00:00,Group Stage,Season 5 2026,138180,FROX,126694,BIG Academy,126694,0,3
1474493,cs-go,2026-05-04 20:06:47+00:00,Contenders Stage,Season 26 2026,138405,Z7 Esports,137235,VP.Future,137235,0,3
1467614,cs-go,2026-05-04 20:13:49+00:00,Group Stage,Series #1 season 4 2026,131161,Players,129384,FURIA fe,131161,1,3
1459542,cs-go,2026-05-04 20:27:36+00:00,Group Stage,Brazil 2026,133326,Bounty Hunters Esports,138086,METANOIA WOLVES,133326,1,3
1468037,cs-go,2026-05-04 22:53:59+00:00,Playoffs,April 2026,131848,largadosypelados,131849,paiN Academy,131848,1,3
1467615,cs-go,2026-05-05 01:05:40+00:00,Group Stage,Series #1 season 4 2026,137889,ELITES,138111,Damajuana,138111,0,3
1476914,cs-go,2026-05-05 09:14:05+00:00,Group A,Regular season 5 2026,138129,BOJONG,137080,MANA eSports,137080,0,3
1467645,cs-go,2026-05-05 11:15:14+00:00,Play-In Group C,Season 8 2026,136560,Phantom,128519,GenOne,136560,1,3
1469203,cs-go,2026-05-05 12:21:37+00:00,Group Stage,Series 1 2026,137948,TDK,137271,FC Famalicão Esports,137948,1,3
1476915,cs-go,2026-05-05 12:39:44+00:00,Group A,Regular season 5 2026,138659,Kinoa,126491,NAVI Junior,138659,1,3
1467672,cs-go,2026-05-05 12:56:04+00:00,Group Stage,Europe Series #1 season 2 2026,136817,AM Gaming,137440,ASTRAL,136817,1,3
1470235,cs-go,2026-05-05 13:24:18+00:00,Playoffs,Challengers Series season 2 2026,133125,Aurora Young Blood,126417,Lilmix,126417,0,3
1478097,cs-go,2026-05-05 13:58:14+00:00,Contenders Stage,Season 26 2026,138461,MAJIX ESPORTS,136564,Ctrl Alt Defeat,138461,1,3
1467648,cs-go,2026-05-05 14:30:28+00:00,Play-In Group D,Season 8 2026,134251,Rebels Gaming,133988,HyperSpirit,134251,1,3
1469204,cs-go,2026-05-05 15:39:43+00:00,Group Stage,Series 1 2026,128519,GenOne,125774,HAVU,128519,1,3
1467673,cs-go,2026-05-05 16:09:10+00:00,Group Stage,Europe Series #1 season 2 2026,138610,Walczaki,138370,Lavked,138610,1,3
1470237,cs-go,2026-05-05 16:30:24+00:00,Playoffs,Challengers Series season 2 2026,138617,INOX Division,137703,ex-Zero Tenacity,138617,1,3
1470233,cs-go,2026-05-05 16:43:27+00:00,Playoffs,Challengers Series season 2 2026,138021,home,138650,NEW VISION,138650,0,3
1477440,cs-go,2026-05-05 16:46:12+00:00,Regular Season,Advanced Europe season 57 2026,133125,Aurora Young Blood,137449,OlyBet SB,137449,0,1
1477437,cs-go,2026-05-05 17:06:05+00:00,Contenders Stage,Season 26 2026,134057,HAVENs,137235,VP.Future,137235,0,3
1463392,cs-go,2026-05-05 17:13:51+00:00,Regular Season,Season 13 2026,137707,SINQU,138131,BoyBand,138131,0,3
1477445,cs-go,2026-05-05 17:39:01+00:00,Regular Season,Advanced Europe season 57 2026,136934,Bushido Wildcats,135227,ENJOY,136934,1,1
1477442,cs-go,2026-05-05 17:50:06+00:00,Regular Season,Advanced Europe season 57 2026,138419,PURE,133125,Aurora Young Blood,133125,0,1
1465449,cs-go,2026-05-05 17:55:42+00:00,Regular Season,Advanced Europe season 57 2026,137473,OldBoys,138467,tincan,137473,1,1
1477443,cs-go,2026-05-05 18:23:35+00:00,Regular Season,Advanced Europe season 57 2026,135474,Fire Flux Esports,138465,Arch,138465,0,1
1463393,cs-go,2026-05-05 18:32:58+00:00,Regular Season,Season 13 2026,138627,KAJO,127829,TOOMUCHVIDEOGAMES,127829,0,3
1477444,cs-go,2026-05-05 18:41:04+00:00,Regular Season,Advanced Europe season 57 2026,137707,SINQU,137538,B8 Academy,137538,0,1
1467674,cs-go,2026-05-05 18:51:02+00:00,Group Stage,Europe Series #1 season 2 2026,136659,SPARTA,128519,GenOne,136659,1,3
1467616,cs-go,2026-05-05 18:51:19+00:00,Group Stage,Series #1 season 4 2026,130605,UNO MILLE,125863,Isurus,130605,1,3
1477448,cs-go,2026-05-05 18:54:53+00:00,Regular Season,Advanced Europe season 57 2026,138650,NEW VISION,136934,Bushido Wildcats,138650,1,1
1469205,cs-go,2026-05-05 19:00:29+00:00,Group Stage,Series 1 2026,137584,Omega,133063,UNiTY esports,137584,1,3
1477447,cs-go,2026-05-05 19:02:55+00:00,Regular Season,Advanced Europe season 57 2026,137473,OldBoys,137356,JUMBO TEAM,137473,1,1
1469274,cs-go,2026-05-05 20:29:29+00:00,Playoffs,Masters Division season 10 2026,130594,Dripmen,138663,SNARKY,130594,1,3
1477449,cs-go,2026-05-05 20:37:27+00:00,Regular Season,Advanced Europe season 57 2026,138471,Nerve of Cow,137331,hindsight,138471,1,1
1468039,cs-go,2026-05-05 20:43:39+00:00,Playoffs,April 2026,138086,METANOIA WOLVES,138574,9daplug,138574,0,3
1469273,cs-go,2026-05-05 21:22:54+00:00,Playoffs,Masters Division season 10 2026,138645,Messiah,130590,The Last Resort,130590,0,3
1477438,cs-go,2026-05-05 21:25:36+00:00,Contenders Stage,Season 26 2026,135514,NeverPlay,138639,Pitstop crew,135514,1,3
